EVENT_ID,CZ_NAME_STR,BEGIN_LOCATION,BEGIN_DATE,BEGIN_TIME,EVENT_TYPE,MAGNITUDE,TOR_F_SCALE,DEATHS_DIRECT,INJURIES_DIRECT,DAMAGE_PROPERTY_NUM,DAMAGE_CROPS_NUM,STATE_ABBR,CZ_TIMEZONE,MAGNITUDE_TYPE,EPISODE_ID,CZ_TYPE,CZ_FIPS,WFO,INJURIES_INDIRECT,DEATHS_INDIRECT,SOURCE,FLOOD_CAUSE,TOR_LENGTH,TOR_WIDTH,BEGIN_RANGE,BEGIN_AZIMUTH,END_RANGE,END_AZIMUTH,END_LOCATION,END_DATE,END_TIME,BEGIN_LAT,BEGIN_LON,END_LAT,END_LON,EVENT_NARRATIVE,EPISODE_NARRATIVE,ABSOLUTE_ROWNUMBER
10042623,PENOBSCOT CO.,,06/06/1953,1415,Tornado,0,F1,0,1,250,0,ME,CST,,,C,19,,0,0,,,0.2,33,0,,0,,,06/06/1953,1415,45.05,-69.3,,,,,1
10042624,CUMBERLAND CO.,,07/07/1953,1145,Tornado,0,F0,0,1,0,0,ME,CST,,,C,5,,0,0,,,1,7,0,,0,,,07/07/1953,1145,43.82,-70.12,,,,,2
10042625,WALDO CO.,,07/07/1954,1330,Tornado,0,F2,0,1,25000,0,ME,CST,,,C,27,,0,0,,,7.6,10,0,,0,,,07/07/1954,1330,45.28,-67.2,45.18,-67.28,,,3
10042626,AROOSTOOK CO.,,08/11/1954,1727,Tornado,0,F2,1,1,25000,0,ME,CST,,,C,3,,0,0,,,1,27,0,,0,,,08/11/1954,1727,47.02,-68.02,,,,,4
10042627,CUMBERLAND CO.,,06/20/1955,1500,Thunderstorm Wind,0,,0,0,0,0,ME,CST,,,C,5,,0,0,,,0,0,0,,0,,,06/20/1955,1500,43.7,-70.28,,,,,5
10042628,YORK CO.,,06/01/1956,1500,Tornado,0,F1,0,0,25000,0,ME,CST,,,C,31,,0,0,,,1,13,0,,0,,,06/01/1956,1500,43.42,-70.87,,,,,6
10042629,KENNEBEC CO.,,09/14/1956,1510,Tornado,0,F1,0,0,25000,0,ME,CST,,,C,11,,0,0,,,18.7,17,0,,0,,,09/14/1956,1510,44.3,-69.8,44.32,-69.42,,,7
10042630,CUMBERLAND CO.,,06/19/1957,1330,Thunderstorm Wind,66,,0,0,0,0,ME,CST,,,C,5,,0,0,,,0,0,0,,0,,,06/19/1957,1330,43.7,-70.28,,,,,8
10042631,CO.,,07/27/1957,2000,Hail,1.5,,0,0,0,0,ME,CST,,,C,0,,0,0,,,0,0,0,,0,,,07/27/1957,2000,47.2,-67.9,,,,,9
10042632,AROOSTOOK CO.,,09/16/1957,1330,Tornado,0,F2,0,0,2500,0,ME,CST,,,C,3,,0,0,,,2.7,50,0,,0,,,09/16/1957,1330,45.8,-68.3,45.8,-68.22,,,10
10042633,WALDO CO.,,07/02/1958,1500,Tornado,0,F1,0,0,25000,0,ME,CST,,,C,27,,0,0,,,8.9,27,0,,0,,,07/02/1958,1500,44.67,-67.63,44.53,-67.6,,,11
10042635,WASHINGTON CO.,,07/02/1958,1500,Hail,2.75,,0,0,0,0,ME,CST,,,C,29,,0,0,,,0,0,0,,0,,,07/02/1958,1500,44.78,-67.68,,,,,12
10042634,WASHINGTON CO.,,07/02/1958,1500,Hail,2.75,,0,0,0,0,ME,CST,,,C,29,,0,0,,,0,0,0,,0,,,07/02/1958,1500,44.78,-67.68,,,,,13
10042636,FRANKLIN CO.,,07/02/1958,1517,Tornado,0,,0,0,25000,0,ME,CST,,,C,7,,0,0,,,0.1,33,0,,0,,,07/02/1958,1517,44.63,-70.3,,,,,14
10042637,PENOBSCOT CO.,,07/02/1958,1600,Tornado,0,F1,0,0,25000,0,ME,CST,,,C,19,,0,0,,,2.7,17,0,,0,,,07/02/1958,1600,44.88,-68.67,44.93,-68.63,,,15
10042639,PENOBSCOT CO.,,07/02/1958,1600,Hail,1.25,,0,0,0,0,ME,CST,,,C,19,,0,0,,,0,0,0,,0,,,07/02/1958,1600,45,-68.58,,,,,16
10042638,PENOBSCOT CO.,,07/02/1958,1600,Hail,1.25,,0,0,0,0,ME,CST,,,C,19,,0,0,,,0,0,0,,0,,,07/02/1958,1600,45,-68.58,,,,,17
10042640,YORK CO.,,07/11/1958,1330,Tornado,0,F1,0,0,2500,0,ME,CST,,,C,31,,0,0,,,1,17,0,,0,,,07/11/1958,1330,43.63,-70.52,,,,,18
10042641,KENNEBEC CO.,,07/19/1958,1700,Tornado,0,,0,0,2500,0,ME,CST,,,C,11,,0,0,,,0.1,50,0,,0,,,07/19/1958,1700,44.63,-69.5,,,,,19
10042642,YORK CO.,,08/04/1958,1400,Thunderstorm Wind,0,,0,0,0,0,ME,CST,,,C,31,,0,0,,,0,0,0,,0,,,08/04/1958,1400,43.7,-70.78,,,,,20
10042643,LINCOLN CO.,,08/08/1958,1430,Tornado,0,,0,0,250,0,ME,CST,,,C,15,,0,0,,,2,33,0,,0,,,08/08/1958,1430,44.1,-69.6,,,,,21
10042644,OXFORD CO.,,08/13/1958,1400,Hail,2.25,,0,0,0,0,ME,CST,,,C,17,,0,0,,,0,0,0,,0,,,08/13/1958,1400,44.28,-70.4,,,,,22
10042645,AROOSTOOK CO.,,08/15/1958,1020,Tornado,0,F2,0,0,25000,0,ME,CST,,,C,3,,0,0,,,17,33,0,,0,,,08/15/1958,1020,47,-68.6,47,-68.23,,,23
10042646,AROOSTOOK CO.,,08/15/1958,1400,Hail,3,,0,0,0,0,ME,CST,,,C,3,,0,0,,,0,0,0,,0,,,08/15/1958,1400,46.88,-68,,,,,24
10042647,ANDROSCOGGIN CO.,,08/15/1958,1430,Thunderstorm Wind,0,,0,0,0,0,ME,CST,,,C,1,,0,0,,,0,0,0,,0,,,08/15/1958,1430,44.08,-70.18,,,,,25
10042648,YORK CO.,,07/19/1959,1900,Thunderstorm Wind,0,,0,0,0,0,ME,CST,,,C,31,,0,0,,,0,0,0,,0,,,07/19/1959,1900,43.38,-70.5,,,,,26
10042649,AROOSTOOK CO.,,08/15/1959,1430,Tornado,0,F1,0,1,25000,0,ME,CST,,,C,3,,0,0,,,1,23,0,,0,,,08/15/1959,1430,46.52,-67.7,,,,,27
10042650,PENOBSCOT CO.,,08/16/1959,1200,Tornado,0,F2,0,0,2500,0,ME,CST,,,C,19,,0,0,,,2,27,0,,0,,,08/16/1959,1200,45.05,-68.6,,,,,28
10042651,KENNEBEC CO.,,08/16/1959,1245,Tornado,0,F1,0,0,2500,0,ME,CST,,,C,11,,0,0,,,0.5,33,0,,0,,,08/16/1959,1245,44.4,-69.75,,,,,29
10042652,PENOBSCOT CO.,,08/17/1959,1600,Tornado,0,F1,0,0,2500,0,ME,CST,,,C,19,,0,0,,,2,300,0,,0,,,08/17/1959,1600,44.87,-69.17,,,,,30
10042653,PENOBSCOT CO.,,08/17/1959,1900,Tornado,0,F1,0,1,2500,0,ME,CST,,,C,19,,0,0,,,0.8,300,0,,0,,,08/17/1959,1900,44.83,-68.4,,,,,31
10043489,PISCATAQUIS CO.,,08/28/1959,1500,Tornado,0,,0,0,0,0,ME,CST,,,C,21,,0,0,,,0,33,0,,0,,,08/28/1959,1500,45.17,-69.25,,,,,32
10043699,OXFORD CO.,,10/18/1959,1630,Thunderstorm Wind,0,,0,0,0,0,ME,CST,,,C,17,,0,0,,,0,0,0,,0,,,10/18/1959,1630,44.2,-70.58,,,,,33
10043700,CO.,,06/20/1960,1500,Hail,1.25,,0,0,0,0,ME,CST,,,C,0,,0,0,,,0,0,0,,0,,,06/20/1960,1500,44.2,-69.4,,,,,34
10043701,PENOBSCOT CO.,,06/20/1960,1530,Hail,2,,0,0,0,0,ME,CST,,,C,19,,0,0,,,0,0,0,,0,,,06/20/1960,1530,44.88,-68.9,,,,,35
10043702,YORK CO.,,06/30/1960,1120,Hail,1,,0,0,0,0,ME,CST,,,C,31,,0,0,,,0,0,0,,0,,,06/30/1960,1120,43.38,-70.58,,,,,36
10043703,SOMERSET CO.,,07/11/1960,1800,Thunderstorm Wind,0,,0,0,0,0,ME,CST,,,C,25,,0,0,,,0,0,0,,0,,,07/11/1960,1800,45.08,-69.28,,,,,37
10043704,KENNEBEC CO.,,07/13/1960,1400,Thunderstorm Wind,80,,0,0,0,0,ME,CST,,,C,11,,0,0,,,0,0,0,,0,,,07/13/1960,1400,44.28,-69.78,,,,,38
10043705,PENOBSCOT CO.,,07/23/1960,1300,Hail,1.25,,0,0,0,0,ME,CST,,,C,19,,0,0,,,0,0,0,,0,,,07/23/1960,1300,45,-68.68,,,,,39
10043706,AROOSTOOK CO.,,08/29/1960,1500,Thunderstorm Wind,70,,0,0,0,0,ME,CST,,,C,3,,0,0,,,0,0,0,,0,,,08/29/1960,1500,46.88,-68,,,,,40
10043707,AROOSTOOK CO.,,08/29/1960,1600,Tornado,0,F1,0,0,25000,0,ME,CST,,,C,3,,0,0,,,9.7,100,0,,0,,,08/29/1960,1600,46.87,-68.02,46.92,-67.82,,,41
10043708,WASHINGTON CO.,,05/29/1961,1400,Tornado,0,F0,0,0,25000,0,ME,CST,,,C,29,,0,0,,,4.7,150,0,,0,,,05/29/1961,1400,45.07,-67.3,45.1,-67.4,,,42
10043709,OXFORD CO.,,06/13/1961,1700,Tornado,0,F1,0,0,25000,0,ME,CST,,,C,17,,0,0,,,5.4,27,0,,0,,,06/13/1961,1700,44.17,-70.98,44.12,-70.88,,,43
10043710,OXFORD CO.,,06/13/1961,1715,Hail,1.75,,0,0,0,0,ME,CST,,,C,17,,0,0,,,0,0,0,,0,,,06/13/1961,1715,44,-71,,,,,44
10043711,AROOSTOOK CO.,,06/29/1961,2227,Tornado,0,F1,0,0,25000,0,ME,CST,,,C,3,,0,0,,,0.5,17,0,,0,,,06/29/1961,2227,47.17,-68.3,,,,,45
10043712,KENNEBEC CO.,,07/11/1961,1400,Hail,1,,0,0,0,0,ME,CST,,,C,11,,0,0,,,0,0,0,,0,,,07/11/1961,1400,44.28,-69.78,,,,,46
10043713,CO.,,07/12/1961,1232,Hail,0.75,,0,0,0,0,ME,CST,,,C,0,,0,0,,,0,0,0,,0,,,07/12/1961,1232,46.08,-67.78,,,,,47
10043714,KENNEBEC CO.,,07/13/1961,1500,Hail,0.75,,0,0,0,0,ME,CST,,,C,11,,0,0,,,0,0,0,,0,,,07/13/1961,1500,44.5,-70,,,,,48
10043715,KENNEBEC CO.,,07/13/1961,1500,Hail,1,,0,0,0,0,ME,CST,,,C,11,,0,0,,,0,0,0,,0,,,07/13/1961,1500,44.2,-69.68,,,,,49
10043716,AROOSTOOK CO.,,07/18/1961,1615,Tornado,0,F1,0,0,25000,0,ME,CST,,,C,3,,0,0,,,0.5,23,0,,0,,,07/18/1961,1615,46.77,-67.92,,,,,50
10043717,CUMBERLAND CO.,,07/21/1961,1500,Thunderstorm Wind,52,,0,0,0,0,ME,CST,,,C,5,,0,0,,,0,0,0,,0,,,07/21/1961,1500,43.7,-70.28,,,,,51
10043718,CO.,,08/27/1961,1500,Hail,4,,0,0,0,0,ME,CST,,,C,0,,0,0,,,0,0,0,,0,,,08/27/1961,1500,46.38,-67.78,,,,,52
10043719,PENOBSCOT CO.,,08/27/1961,1500,Hail,1.25,,0,0,0,0,ME,CST,,,C,19,,0,0,,,0,0,0,,0,,,08/27/1961,1500,45.7,-68.68,,,,,53
10043720,SOMERSET CO.,,09/04/1961,1610,Tornado,0,F2,0,0,250000,0,ME,CST,,,C,25,,0,0,,,0.5,17,0,,0,,,09/04/1961,1610,44.8,-69.7,,,,,54
10043721,WASHINGTON CO.,,09/15/1961,930,Tornado,0,F2,0,1,25000,0,ME,CST,,,C,29,,0,0,,,19.1,33,0,,0,,,09/15/1961,930,44.5,-67.6,44.73,-67.38,,,55
10043722,CUMBERLAND CO.,,07/09/1962,1055,Tornado,0,F1,0,0,2500,0,ME,CST,,,C,5,,0,0,,,11.3,23,0,,0,,,07/09/1962,1055,43.88,-70.7,43.9,-70.47,,,56
10043723,AROOSTOOK CO.,,07/18/1962,1400,Hail,0.75,,0,0,0,0,ME,CST,,,C,3,,0,0,,,0,0,0,,0,,,07/18/1962,1400,47,-68.08,,,,,57
10043724,SOMERSET CO.,,08/20/1962,1350,Tornado,0,F2,0,0,2500,0,ME,CST,,,C,25,,0,0,,,0,27,0,,0,,,08/20/1962,1350,45.03,-69.6,45.03,-69.63,,,58
10043725,SOMERSET CO.,,08/20/1962,1400,Hail,1.75,,0,0,0,0,ME,CST,,,C,25,,0,0,,,0,0,0,,0,,,08/20/1962,1400,45,-69.58,,,,,59
10043726,CUMBERLAND CO.,,04/20/1963,1214,Thunderstorm Wind,53,,0,0,0,0,ME,CST,,,C,5,,0,0,,,0,0,0,,0,,,04/20/1963,1214,43.7,-70.28,,,,,60
10043727,YORK CO.,,05/14/1963,1615,Tornado,0,F2,0,0,2500,0,ME,CST,,,C,31,,0,0,,,0.5,50,0,,0,,,05/14/1963,1615,43.27,-70.83,43.27,-70.83,,,61
10043728,AROOSTOOK CO.,,05/19/1963,1429,Thunderstorm Wind,59,,0,0,0,0,ME,CST,,,C,3,,0,0,,,0,0,0,,0,,,05/19/1963,1429,46.88,-68,,,,,62
10043729,AROOSTOOK CO.,,05/19/1963,1445,Tornado,0,,0,0,2500,0,ME,CST,,,C,3,,0,0,,,1.5,100,0,,0,,,05/19/1963,1445,46.9,-68,,,,,63
10043730,CUMBERLAND CO.,,05/20/1963,1526,Thunderstorm Wind,58,,0,0,0,0,ME,CST,,,C,5,,0,0,,,0,0,0,,0,,,05/20/1963,1526,43.7,-70.28,,,,,64
10043731,CUMBERLAND CO.,,05/20/1963,1600,Thunderstorm Wind,0,,0,0,0,0,ME,CST,,,C,5,,0,0,,,0,0,0,,0,,,05/20/1963,1600,43.88,-70.28,,,,,65
10043732,AROOSTOOK CO.,,06/30/1963,1426,Thunderstorm Wind,53,,0,0,0,0,ME,CST,,,C,3,,0,0,,,0,0,0,,0,,,06/30/1963,1426,46.88,-68,,,,,66
10043733,SOMERSET CO.,,07/01/1963,1410,Tornado,0,,0,0,2500,0,ME,CST,,,C,25,,0,0,,,1,100,0,,0,,,07/01/1963,1410,45,-69.9,,,,,67
10043734,SOMERSET CO.,,07/01/1963,1410,Hail,0.75,,0,0,0,0,ME,CST,,,C,25,,0,0,,,0,0,0,,0,,,07/01/1963,1410,45,-69.9,,,,,68
10043735,SOMERSET CO.,,07/01/1963,1445,Tornado,0,,0,0,0,0,ME,CST,,,C,25,,0,0,,,0.1,50,0,,0,,,07/01/1963,1445,45.2,-69.6,,,,,69
10043736,KENNEBEC CO.,,07/01/1963,1510,Tornado,0,,0,0,2500,0,ME,CST,,,C,11,,0,0,,,2,20,0,,0,,,07/01/1963,1510,44.6,-69.6,,,,,70
10043737,AROOSTOOK CO.,,07/02/1963,1621,Thunderstorm Wind,50,,0,0,0,0,ME,CST,,,C,3,,0,0,,,0,0,0,,0,,,07/02/1963,1621,46.88,-68,,,,,71
10043738,AROOSTOOK CO.,,07/03/1963,1900,Thunderstorm Wind,53,,0,0,0,0,ME,CST,,,C,3,,0,0,,,0,0,0,,0,,,07/03/1963,1900,46.88,-68,,,,,72
10043739,SOMERSET CO.,,07/15/1963,1700,Tornado,0,F0,0,0,250,0,ME,CST,,,C,25,,0,0,,,17.1,17,0,,0,,,07/15/1963,1700,44.75,-69.4,45,-69.37,,,73
10043740,FRANKLIN CO.,,07/29/1963,1315,Thunderstorm Wind,0,,0,0,0,0,ME,CST,,,C,7,,0,0,,,0,0,0,,0,,,07/29/1963,1315,44.7,-70.18,,,,,74
10043741,KENNEBEC CO.,,08/31/1963,1300,Hail,0.75,,0,0,0,0,ME,CST,,,C,11,,0,0,,,0,0,0,,0,,,08/31/1963,1300,44.28,-69.78,,,,,75
10043742,CO.,,10/29/1963,1500,Thunderstorm Wind,86,,0,0,0,0,ME,CST,,,C,0,,0,0,,,0,0,0,,0,,,10/29/1963,1500,43.28,-69.9,,,,,76
10043743,LINCOLN CO.,,10/29/1963,1600,Tornado,0,F1,0,0,250000,0,ME,CST,,,C,15,,0,0,,,0,33,0,,0,,,10/29/1963,1600,44.1,-69.8,,,,,77
10043744,PISCATAQUIS CO.,,05/23/1964,2000,Thunderstorm Wind,0,,0,0,0,0,ME,CST,,,C,21,,0,0,,,0,0,0,,0,,,05/23/1964,2000,46.08,-68.9,,,,,78
10043745,CUMBERLAND CO.,,07/01/1964,1800,Hail,1.5,,0,0,0,0,ME,CST,,,C,5,,0,0,,,0,0,0,,0,,,07/01/1964,1800,43.7,-70.58,,,,,79
10043746,CUMBERLAND CO.,,07/22/1964,1600,Hail,1.75,,0,0,0,0,ME,CST,,,C,5,,0,0,,,0,0,0,,0,,,07/22/1964,1600,43.88,-70.5,,,,,80
10043747,CO.,,08/08/1964,1400,Hail,0.75,,0,0,0,0,ME,CST,,,C,0,,0,0,,,0,0,0,,0,,,08/08/1964,1400,45,-70.78,,,,,81
10043748,SOMERSET CO.,,06/07/1965,1600,Hail,0.75,,0,0,0,0,ME,CST,,,C,25,,0,0,,,0,0,0,,0,,,06/07/1965,1600,44.78,-70.08,,,,,82
10043749,PENOBSCOT CO.,,06/10/1965,1515,Thunderstorm Wind,79,,0,0,0,0,ME,CST,,,C,19,,0,0,,,0,0,0,,0,,,06/10/1965,1515,44.78,-68.78,,,,,83
10043750,CO.,,06/10/1965,1530,Hail,0.75,,0,0,0,0,ME,CST,,,C,0,,0,0,,,0,0,0,,0,,,06/10/1965,1530,45.2,-67.18,,,,,84
10043751,WASHINGTON CO.,,06/10/1965,1550,Tornado,0,F1,0,3,250000,0,ME,CST,,,C,29,,0,0,,,1,50,0,,0,,,06/10/1965,1550,44.75,-68.02,,,,,85
10043752,OXFORD CO.,,06/21/1965,1600,Tornado,0,,0,0,2500,0,ME,CST,,,C,17,,0,0,,,1.5,33,0,,0,,,06/21/1965,1600,44.5,-70.4,,,,,86
10043753,KENNEBEC CO.,,08/10/1965,1732,Hail,1,,0,0,0,0,ME,CST,,,C,11,,0,0,,,0,0,0,,0,,,08/10/1965,1732,44.28,-69.78,,,,,87
10043754,KENNEBEC CO.,,08/10/1965,1732,Thunderstorm Wind,55,,0,0,0,0,ME,CST,,,C,11,,0,0,,,0,0,0,,0,,,08/10/1965,1732,44.28,-69.78,,,,,88
10043755,SOMERSET CO.,,08/16/1965,1330,Thunderstorm Wind,0,,0,0,0,0,ME,CST,,,C,25,,0,0,,,0,0,0,,0,,,08/16/1965,1330,45.08,-69.9,,,,,89
10043756,AROOSTOOK CO.,,09/21/1965,1330,Tornado,0,F1,0,0,2500,0,ME,CST,,,C,3,,0,0,,,0.1,33,0,,0,,,09/21/1965,1330,46.92,-67.82,,,,,90
10043757,PISCATAQUIS CO.,,05/29/1966,1400,Hail,1.5,,0,0,0,0,ME,CST,,,C,21,,0,0,,,0,0,0,,0,,,05/29/1966,1400,45.5,-69.58,,,,,91
10043758,KENNEBEC CO.,,06/29/1966,1840,Thunderstorm Wind,0,,0,0,0,0,ME,CST,,,C,11,,0,0,,,0,0,0,,0,,,06/29/1966,1840,44.28,-70,,,,,92
10043759,KENNEBEC CO.,,07/13/1966,1620,Tornado,0,F1,0,0,25000,0,ME,CST,,,C,11,,0,0,,,0.3,33,0,,0,,,07/13/1966,1620,44.4,-70.03,,,,,93
10043760,PENOBSCOT CO.,,07/16/1966,1500,Hail,0.75,,0,0,0,0,ME,CST,,,C,19,,0,0,,,0,0,0,,0,,,07/16/1966,1500,45,-68.68,,,,,94
10043761,AROOSTOOK CO.,,09/06/1966,1500,Thunderstorm Wind,0,,0,0,0,0,ME,CST,,,C,3,,0,0,,,0,0,0,,0,,,09/06/1966,1500,46.88,-68,,,,,95
10043762,YORK CO.,,10/10/1966,1508,Tornado,0,F2,0,0,25000,0,ME,CST,,,C,31,,0,0,,,0.2,50,0,,0,,,10/10/1966,1508,43.43,-70.78,,,,,96
10043763,AROOSTOOK CO.,,05/17/1967,1400,Thunderstorm Wind,51,,0,0,0,0,ME,CST,,,C,3,,0,0,,,0,0,0,,0,,,05/17/1967,1400,46.78,-67.9,,,,,97
10043764,KENNEBEC CO.,,06/17/1967,1400,Tornado,0,F1,0,0,25000,0,ME,CST,,,C,11,,0,0,,,1,17,0,,0,,,06/17/1967,1400,44.52,-69.98,,,,,98
10043765,PISCATAQUIS CO.,,07/24/1967,1800,Hail,0.75,,0,0,0,0,ME,CST,,,C,21,,0,0,,,0,0,0,,0,,,07/24/1967,1800,45.58,-69.68,,,,,99
10043766,CUMBERLAND CO.,,07/25/1967,2000,Thunderstorm Wind,0,,0,0,0,0,ME,CST,,,C,5,,0,0,,,0,0,0,,0,,,07/25/1967,2000,43.7,-70.4,,,,,100
10043767,FRANKLIN CO.,,08/28/1967,1900,Thunderstorm Wind,0,,0,0,0,0,ME,CST,,,C,7,,0,0,,,0,0,0,,0,,,08/28/1967,1900,44.58,-70,,,,,101
10043768,SAGADAHOC CO.,,06/20/1968,900,Hail,0.75,,0,0,0,0,ME,CST,,,C,23,,0,0,,,0,0,0,,0,,,06/20/1968,900,43.88,-69.78,,,,,102
10044606,KENNEBEC CO.,,07/01/1968,1411,Tornado,0,F1,0,0,25000,0,ME,CST,,,C,11,,0,0,,,2.3,33,0,,0,,,07/01/1968,1411,44.23,-69.77,44.18,-69.75,,,103
10044607,WALDO CO.,,07/01/1968,1500,Tornado,0,F1,0,2,2500,0,ME,CST,,,C,27,,0,0,,,0.3,27,0,,0,,,07/01/1968,1500,44.3,-68.9,,,,,104
10044820,KENNEBEC CO.,,07/01/1968,1500,Thunderstorm Wind,0,,0,0,0,0,ME,CST,,,C,11,,0,0,,,0,0,0,,0,,,07/01/1968,1500,44.5,-69.68,,,,,105
10044819,SOMERSET CO.,,07/01/1968,1500,Thunderstorm Wind,0,,0,0,0,0,ME,CST,,,C,25,,0,0,,,0,0,0,,0,,,07/01/1968,1500,45,-69.9,,,,,106
10044818,SAGADAHOC CO.,,07/01/1968,1500,Thunderstorm Wind,0,,0,0,0,0,ME,CST,,,C,23,,0,0,,,0,0,0,,0,,,07/01/1968,1500,44.08,-69.78,,,,,107
10044817,CO.,,07/01/1968,1500,Hail,0.75,,0,0,0,0,ME,CST,,,C,0,,0,0,,,0,0,0,,0,,,07/01/1968,1500,43.88,-69.9,,,,,108
10044821,PISCATAQUIS CO.,,07/09/1968,2200,Thunderstorm Wind,0,,0,0,0,0,ME,CST,,,C,21,,0,0,,,0,0,0,,0,,,07/09/1968,2200,45.2,-69.08,,,,,109
10044822,SOMERSET CO.,,07/19/1968,1800,Thunderstorm Wind,0,,0,0,0,0,ME,CST,,,C,25,,0,0,,,0,0,0,,0,,,07/19/1968,1800,44.78,-69.9,,,,,110
10044823,CO.,,08/14/1968,1600,Hail,1.5,,0,0,0,0,ME,CST,,,C,0,,0,0,,,0,0,0,,0,,,08/14/1968,1600,46.38,-67.78,,,,,111
10044824,CO.,,08/14/1968,1600,Thunderstorm Wind,0,,0,0,0,0,ME,CST,,,C,0,,0,0,,,0,0,0,,0,,,08/14/1968,1600,46.38,-67.78,,,,,112
10044825,AROOSTOOK CO.,,08/17/1968,1600,Thunderstorm Wind,0,,0,0,0,0,ME,CST,,,C,3,,0,0,,,0,0,0,,0,,,08/17/1968,1600,46.7,-68,,,,,113
10044826,ANDROSCOGGIN CO.,,08/17/1968,1610,Thunderstorm Wind,0,,0,0,0,0,ME,CST,,,C,1,,0,0,,,0,0,0,,0,,,08/17/1968,1610,44.08,-70.4,,,,,114
10044827,AROOSTOOK CO.,,06/13/1969,1645,Thunderstorm Wind,0,,0,0,0,0,ME,CST,,,C,3,,0,0,,,0,0,0,,0,,,06/13/1969,1645,46.58,-68.4,,,,,115
10044828,KNOX CO.,,08/08/1969,2200,Tornado,0,,0,0,25000,0,ME,CST,,,C,13,,0,0,,,1,50,0,,0,,,08/08/1969,2200,44,-69.1,,,,,116
10044829,YORK CO.,,08/25/1969,1545,Hail,1.75,,0,0,0,0,ME,CST,,,C,31,,0,0,,,0,0,0,,0,,,08/25/1969,1545,43.58,-70.78,,,,,117
10044830,YORK CO.,,08/25/1969,1545,Thunderstorm Wind,0,,0,0,0,0,ME,CST,,,C,31,,0,0,,,0,0,0,,0,,,08/25/1969,1545,43.58,-70.78,,,,,118
10044831,YORK CO.,,09/07/1969,1800,Thunderstorm Wind,0,,0,0,0,0,ME,CST,,,C,31,,0,0,,,0,0,0,,0,,,09/07/1969,1800,43.5,-70.4,,,,,119
10044832,KENNEBEC CO.,,06/11/1970,1430,Thunderstorm Wind,0,,0,0,0,0,ME,CST,,,C,11,,0,0,,,0,0,0,,0,,,06/11/1970,1430,44.5,-69.68,,,,,120
10044833,HANCOCK CO.,,06/11/1970,1440,Thunderstorm Wind,0,,0,0,0,0,ME,CST,,,C,9,,0,0,,,0,0,0,,0,,,06/11/1970,1440,44.58,-69.5,,,,,121
10044834,CO.,,07/12/1970,1618,Hail,0.75,,0,0,0,0,ME,CST,,,C,0,,0,0,,,0,0,0,,0,,,07/12/1970,1618,43.58,-70.18,,,,,122
10044835,CO.,,07/18/1970,1230,Hail,1.5,,0,0,0,0,ME,CST,,,C,0,,0,0,,,0,0,0,,0,,,07/18/1970,1230,46.78,-67.78,,,,,123
10044836,SAGADAHOC CO.,,08/01/1970,1950,Thunderstorm Wind,0,,0,0,0,0,ME,CST,,,C,23,,0,0,,,0,0,0,,0,,,08/01/1970,1950,43.88,-69.78,,,,,124
10044837,PISCATAQUIS CO.,,08/26/1970,1500,Thunderstorm Wind,0,,0,0,0,0,ME,CST,,,C,21,,0,0,,,0,0,0,,0,,,08/26/1970,1500,45.2,-69.18,,,,,125
10044838,PISCATAQUIS CO.,,08/26/1970,1505,Hail,0.75,,0,0,0,0,ME,CST,,,C,21,,0,0,,,0,0,0,,0,,,08/26/1970,1505,45.08,-69.4,,,,,126
10044839,CO.,,08/26/1970,1515,Thunderstorm Wind,0,,0,0,0,0,ME,CST,,,C,0,,0,0,,,0,0,0,,0,,,08/26/1970,1515,45.08,-69,,,,,127
10044840,ANDROSCOGGIN CO.,,09/25/1970,1400,Thunderstorm Wind,0,,0,0,0,0,ME,CST,,,C,1,,0,0,,,0,0,0,,0,,,09/25/1970,1400,44.38,-70.18,,,,,128
10044841,AROOSTOOK CO.,,10/03/1970,1415,Thunderstorm Wind,52,,0,0,0,0,ME,CST,,,C,3,,0,0,,,0,0,0,,0,,,10/03/1970,1415,46.88,-68,,,,,129
10044842,CUMBERLAND CO.,,10/03/1970,1700,Tornado,0,,0,0,2500,0,ME,CST,,,C,5,,0,0,,,1.2,100,0,,0,,,10/03/1970,1700,43.9,-70.7,,,,,130
10044843,SOMERSET CO.,,10/03/1970,1830,Tornado,0,F1,0,0,25000,0,ME,CST,,,C,25,,0,0,,,9.5,150,0,,0,,,10/03/1970,1830,44.8,-69.4,44.88,-69.23,,,131
10044844,OXFORD CO.,,11/21/1970,225,Thunderstorm Wind,0,,0,0,0,0,ME,CST,,,C,17,,0,0,,,0,0,0,,0,,,11/21/1970,225,44.5,-70.58,,,,,132
10044845,PISCATAQUIS CO.,,06/07/1971,1500,Hail,1.25,,0,0,0,0,ME,CST,,,C,21,,0,0,,,0,0,0,,0,,,06/07/1971,1500,45.2,-69.18,,,,,133
10044846,OXFORD CO.,,06/08/1971,1540,Thunderstorm Wind,0,,0,0,0,0,ME,CST,,,C,17,,0,0,,,0,0,0,,0,,,06/08/1971,1540,44.08,-71,,,,,134
10044847,FRANKLIN CO.,,06/21/1971,1050,Thunderstorm Wind,0,,0,0,0,0,ME,CST,,,C,7,,0,0,,,0,0,0,,0,,,06/21/1971,1050,44.7,-70.18,,,,,135
10044848,PENOBSCOT CO.,,06/30/1971,1620,Tornado,0,F2,0,0,250000,0,ME,CST,,,C,19,,0,0,,,13.3,33,0,,0,,,06/30/1971,1620,45.87,-68.6,45.87,-68.32,,,136
10044849,ANDROSCOGGIN CO.,,06/30/1971,1620,Thunderstorm Wind,0,,0,0,0,0,ME,CST,,,C,1,,0,0,,,0,0,0,,0,,,06/30/1971,1620,44.08,-70.18,,,,,137
10044850,PENOBSCOT CO.,,07/01/1971,1200,Thunderstorm Wind,52,,0,0,0,0,ME,CST,,,C,19,,0,0,,,0,0,0,,0,,,07/01/1971,1200,44.88,-68.9,,,,,138
10044851,PENOBSCOT CO.,,07/01/1971,1215,Thunderstorm Wind,50,,0,0,0,0,ME,CST,,,C,19,,0,0,,,0,0,0,,0,,,07/01/1971,1215,44.88,-68.68,,,,,139
10044852,AROOSTOOK CO.,,07/01/1971,1345,Tornado,0,F1,0,0,250000,0,ME,CST,,,C,3,,0,0,,,1,30,0,,0,,,07/01/1971,1345,46.87,-68.17,,,,,140
10044853,CO.,,07/16/1971,1700,Thunderstorm Wind,0,,0,0,0,0,ME,CST,,,C,0,,0,0,,,0,0,0,,0,,,07/16/1971,1700,46,-67.78,,,,,141
10044854,ANDROSCOGGIN CO.,,07/31/1971,1245,Tornado,0,F2,0,1,250000,0,ME,CST,,,C,1,,0,0,,,1.9,200,0,,0,,,07/31/1971,1245,44.5,-70.25,44.52,-70.3,,,142
10044855,ANDROSCOGGIN CO.,,07/31/1971,1325,Tornado,0,F2,0,0,250000,0,ME,CST,,,C,1,,0,0,,,0.5,10,0,,0,,,07/31/1971,1325,44.37,-70.17,,,,,143
10044856,KENNEBEC CO.,,07/31/1971,1400,Tornado,0,F2,0,0,250000,0,ME,CST,,,C,11,,0,0,,,2,33,0,,0,,,07/31/1971,1400,44.4,-69.98,,,,,144
10044857,OXFORD CO.,,08/11/1971,1132,Thunderstorm Wind,0,,0,0,0,0,ME,CST,,,C,17,,0,0,,,0,0,0,,0,,,08/11/1971,1132,44.38,-70.78,,,,,145
10044858,CUMBERLAND CO.,,08/11/1971,1145,Tornado,0,F1,0,0,2500,0,ME,CST,,,C,5,,0,0,,,2,33,0,,0,,,08/11/1971,1145,44.07,-70.8,,,,,146
10044859,OXFORD CO.,,08/11/1971,1145,Thunderstorm Wind,0,,0,0,0,0,ME,CST,,,C,17,,0,0,,,0,0,0,,0,,,08/11/1971,1145,44.2,-70.5,,,,,147
10044860,SOMERSET CO.,,08/11/1971,1200,Tornado,0,F1,0,0,25000,0,ME,CST,,,C,25,,0,0,,,0.2,33,0,,0,,,08/11/1971,1200,45.07,-69.9,,,,,148
10044861,AROOSTOOK CO.,,10/12/1971,1440,Tornado,0,F1,0,0,250,0,ME,CST,,,C,3,,0,0,,,0.1,3,0,,0,,,10/12/1971,1440,47.3,-68.63,,,,,149
10044862,SOMERSET CO.,,11/07/1971,1020,Tornado,0,F2,0,0,25000,0,ME,CST,,,C,25,,0,0,,,4.1,60,0,,0,,,11/07/1971,1020,44.75,-69.77,44.8,-69.7,,,150
10044863,PENOBSCOT CO.,,11/07/1971,1100,Tornado,0,F2,0,0,25000,0,ME,CST,,,C,19,,0,0,,,5.1,3,0,,0,,,11/07/1971,1100,45.4,-68.5,45.47,-68.43,,,151
10044864,PENOBSCOT CO.,,11/07/1971,1200,Tornado,0,F2,0,0,250,0,ME,CST,,,C,19,,0,0,,,0.1,17,0,,0,,,11/07/1971,1200,45.4,-68.13,,,,,152
10044865,KENNEBEC CO.,,07/10/1972,1630,Tornado,0,F1,0,0,2500,0,ME,CST,,,C,11,,0,0,,,1,30,0,,0,,,07/10/1972,1630,44.75,-70.83,,,,,153
10044866,OXFORD CO.,,07/24/1972,1700,Tornado,0,F1,0,0,2500,0,ME,CST,,,C,17,,0,0,,,0.1,20,0,,0,,,07/24/1972,1700,43.83,-70.63,,,,,154
10044867,CUMBERLAND CO.,,07/25/1972,1200,Hail,2,,0,0,0,0,ME,CST,,,C,5,,0,0,,,0,0,0,,0,,,07/25/1972,1200,43.88,-70.58,,,,,155
10044868,AROOSTOOK CO.,,06/09/1973,1340,Hail,1.75,,0,0,0,0,ME,CST,,,C,3,,0,0,,,0,0,0,,0,,,06/09/1973,1340,46.6,-67.9,,,,,156
10044869,CO.,,06/09/1973,1430,Thunderstorm Wind,0,,0,0,0,0,ME,CST,,,C,0,,0,0,,,0,0,0,,0,,,06/09/1973,1430,44.22,-69.4,,,,,157
10044870,YORK CO.,,06/11/1973,1800,Thunderstorm Wind,0,,0,0,0,0,ME,CST,,,C,31,,0,0,,,0,0,0,,0,,,06/11/1973,1800,43.4,-70.5,,,,,158
10044871,FRANKLIN CO.,,06/12/1973,1400,Tornado,0,F1,0,0,25000,0,ME,CST,,,C,7,,0,0,,,1,100,0,,0,,,06/12/1973,1400,44.68,-70.23,,,,,159
10044872,WASHINGTON CO.,,06/21/1973,1815,Tornado,0,F0,0,0,0,0,ME,CST,,,C,29,,0,0,,,0,33,0,,0,,,06/21/1973,1815,46.92,-68.08,,,,,160
10044873,AROOSTOOK CO.,,06/24/1973,1600,Thunderstorm Wind,0,,0,0,0,0,ME,CST,,,C,3,,0,0,,,0,0,0,,0,,,06/24/1973,1600,47.22,-68.58,,,,,161
10044874,AROOSTOOK CO.,,07/20/1973,1630,Hail,0.75,,0,0,0,0,ME,CST,,,C,3,,0,0,,,0,0,0,,0,,,07/20/1973,1630,46.8,-68.2,,,,,162
10044875,AROOSTOOK CO.,,07/20/1973,1630,Thunderstorm Wind,0,,0,0,0,0,ME,CST,,,C,3,,0,0,,,0,0,0,,0,,,07/20/1973,1630,46.8,-68.2,,,,,163
10044876,CO.,,07/27/1973,1830,Thunderstorm Wind,0,,0,0,0,0,ME,CST,,,C,0,,0,0,,,0,0,0,,0,,,07/27/1973,1830,44.97,-70.78,,,,,164
10044877,FRANKLIN CO.,,08/10/1973,1745,Thunderstorm Wind,0,,0,0,0,0,ME,CST,,,C,7,,0,0,,,0,0,0,,0,,,08/10/1973,1745,44.72,-70.15,,,,,165
10044878,KENNEBEC CO.,,08/28/1973,200,Thunderstorm Wind,0,,0,0,0,0,ME,CST,,,C,11,,0,0,,,0,0,0,,0,,,08/28/1973,200,44.32,-69.75,,,,,166
10044879,YORK CO.,,08/28/1973,1130,Hail,1.5,,0,0,0,0,ME,CST,,,C,31,,0,0,,,0,0,0,,0,,,08/28/1973,1130,43.73,-70.72,,,,,167
10044880,YORK CO.,,08/28/1973,1230,Tornado,0,F0,0,0,0,0,ME,CST,,,C,31,,0,0,,,0,33,0,,0,,,08/28/1973,1230,43.4,-70.5,,,,,168
10044881,HANCOCK CO.,,09/06/1973,1400,Thunderstorm Wind,0,,0,0,0,0,ME,CST,,,C,9,,0,0,,,0,0,0,,0,,,09/06/1973,1400,44.63,-68.83,,,,,169
10044882,AROOSTOOK CO.,,01/31/1974,1909,Thunderstorm Wind,50,,0,0,0,0,ME,CST,,,C,3,,0,0,,,0,0,0,,0,,,01/31/1974,1909,46.87,-68.02,,,,,170
10044883,CUMBERLAND CO.,,06/22/1974,1330,Tornado,0,F1,0,1,2500,0,ME,CST,,,C,5,,0,0,,,0.1,7,0,,0,,,06/22/1974,1330,43.58,-70.32,,,,,171
10044884,CUMBERLAND CO.,,07/04/1974,1530,Hail,1.75,,0,0,0,0,ME,CST,,,C,5,,0,0,,,0,0,0,,0,,,07/04/1974,1530,44,-70.52,,,,,172
10043558,CUMBERLAND CO.,,07/04/1974,1530,Thunderstorm Wind,0,,0,0,0,0,ME,CST,,,C,5,,0,0,,,0,0,0,,0,,,07/04/1974,1530,44,-70.52,,,,,173
10043557,CUMBERLAND CO.,,07/04/1974,1530,Thunderstorm Wind,0,,0,0,0,0,ME,CST,,,C,5,,0,0,,,0,0,0,,0,,,07/04/1974,1530,43.83,-70.43,,,,,174
10044886,OXFORD CO.,,07/04/1974,1530,Thunderstorm Wind,0,,0,0,0,0,ME,CST,,,C,17,,0,0,,,0,0,0,,0,,,07/04/1974,1530,44.02,-70.98,,,,,175
10044885,OXFORD CO.,,07/04/1974,1530,Hail,1.75,,0,0,0,0,ME,CST,,,C,17,,0,0,,,0,0,0,,0,,,07/04/1974,1530,44.02,-70.98,,,,,176
10043771,SAGADAHOC CO.,,07/04/1974,1615,Thunderstorm Wind,55,,0,0,0,0,ME,CST,,,C,23,,0,0,,,0,0,0,,0,,,07/04/1974,1615,43.92,-69.88,,,,,177
10043772,AROOSTOOK CO.,,08/19/1974,1624,Thunderstorm Wind,53,,0,0,0,0,ME,CST,,,C,3,,0,0,,,0,0,0,,0,,,08/19/1974,1624,46.87,-68.02,,,,,178
10043773,SOMERSET CO.,,08/24/1974,1225,Hail,1.75,,0,0,0,0,ME,CST,,,C,25,,0,0,,,0,0,0,,0,,,08/24/1974,1225,44.77,-69.72,,,,,179
10043774,SOMERSET CO.,,08/24/1974,1305,Thunderstorm Wind,0,,0,0,0,0,ME,CST,,,C,25,,0,0,,,0,0,0,,0,,,08/24/1974,1305,44.77,-69.37,,,,,180
10043775,SAGADAHOC CO.,,08/24/1974,1445,Thunderstorm Wind,0,,0,0,0,0,ME,CST,,,C,23,,0,0,,,0,0,0,,0,,,08/24/1974,1445,44.02,-69.9,,,,,181
10043776,LINCOLN CO.,,08/24/1974,1520,Hail,0.75,,0,0,0,0,ME,CST,,,C,15,,0,0,,,0,0,0,,0,,,08/24/1974,1520,44,-69.67,,,,,182
10043777,OXFORD CO.,,09/29/1974,1500,Thunderstorm Wind,0,,0,0,0,0,ME,CST,,,C,17,,0,0,,,0,0,0,,0,,,09/29/1974,1500,44.22,-70.53,,,,,183
10043778,KENNEBEC CO.,,09/29/1974,1530,Thunderstorm Wind,0,,0,0,0,0,ME,CST,,,C,11,,0,0,,,0,0,0,,0,,,09/29/1974,1530,44.32,-69.75,,,,,184
10043779,FRANKLIN CO.,,09/29/1974,1530,Thunderstorm Wind,0,,0,0,0,0,ME,CST,,,C,7,,0,0,,,0,0,0,,0,,,09/29/1974,1530,44.67,-70.15,,,,,185
10043780,CUMBERLAND CO.,,09/29/1974,1600,Thunderstorm Wind,0,,0,0,0,0,ME,CST,,,C,5,,0,0,,,0,0,0,,0,,,09/29/1974,1600,43.9,-69.97,,,,,186
10043781,KENNEBEC CO.,,05/20/1975,1500,Hail,0.75,,0,0,0,0,ME,CST,,,C,11,,0,0,,,0,0,0,,0,,,05/20/1975,1500,44.55,-69.63,,,,,187
10043782,KENNEBEC CO.,,05/20/1975,1500,Thunderstorm Wind,0,,0,0,0,0,ME,CST,,,C,11,,0,0,,,0,0,0,,0,,,05/20/1975,1500,44.55,-69.63,,,,,188
10043783,AROOSTOOK CO.,,07/08/1975,1600,Thunderstorm Wind,0,,0,0,0,0,ME,CST,,,C,3,,0,0,,,0,0,0,,0,,,07/08/1975,1600,46.78,-68.15,,,,,189
10043784,KENNEBEC CO.,,07/13/1975,1430,Thunderstorm Wind,0,,0,0,0,0,ME,CST,,,C,11,,0,0,,,0,0,0,,0,,,07/13/1975,1430,44.37,-70.03,,,,,190
10043785,ANDROSCOGGIN CO.,,07/14/1975,1500,Tornado,0,F0,0,0,2500,0,ME,CST,,,C,1,,0,0,,,0,33,0,,0,,,07/14/1975,1500,44.17,-70.37,,,,,191
10043786,ANDROSCOGGIN CO.,,07/14/1975,1500,Hail,0.75,,0,0,0,0,ME,CST,,,C,1,,0,0,,,0,0,0,,0,,,07/14/1975,1500,44.17,-70.37,,,,,192
10043787,PENOBSCOT CO.,,07/20/1975,1500,Hail,0.75,,0,0,0,0,ME,CST,,,C,19,,0,0,,,0,0,0,,0,,,07/20/1975,1500,45.65,-68.7,,,,,193
10043788,PENOBSCOT CO.,,07/20/1975,1500,Thunderstorm Wind,50,,0,0,0,0,ME,CST,,,C,19,,0,0,,,0,0,0,,0,,,07/20/1975,1500,45.65,-68.7,,,,,194
10043789,PISCATAQUIS CO.,,07/25/1975,1745,Tornado,0,F1,0,0,25000,0,ME,CST,,,C,21,,0,0,,,1.8,300,0,,0,,,07/25/1975,1745,45.73,-68.93,,,,,195
10043790,FRANKLIN CO.,,08/02/1975,1700,Thunderstorm Wind,0,,0,0,0,0,ME,CST,,,C,7,,0,0,,,0,0,0,,0,,,08/02/1975,1700,44.8,-70.12,,,,,196
10043791,FRANKLIN CO.,,08/02/1975,1710,Hail,0.75,,0,0,0,0,ME,CST,,,C,7,,0,0,,,0,0,0,,0,,,08/02/1975,1710,44.8,-70.12,,,,,197
10043792,KENNEBEC CO.,,08/12/1975,1400,Hail,1,,0,0,0,0,ME,CST,,,C,11,,0,0,,,0,0,0,,0,,,08/12/1975,1400,44.27,-69.75,,,,,198
10043793,FRANKLIN CO.,,08/12/1975,1530,Thunderstorm Wind,0,,0,0,0,0,ME,CST,,,C,7,,0,0,,,0,0,0,,0,,,08/12/1975,1530,44.63,-70.02,,,,,199
10043794,FRANKLIN CO.,,08/12/1975,1540,Hail,0.75,,0,0,0,0,ME,CST,,,C,7,,0,0,,,0,0,0,,0,,,08/12/1975,1540,44.58,-70.22,,,,,200
10043795,HANCOCK CO.,,11/08/1975,1945,Thunderstorm Wind,0,,0,0,0,0,ME,CST,,,C,9,,0,0,,,0,0,0,,0,,,11/08/1975,1945,44.38,-68.17,,,,,201
10043796,SOMERSET CO.,,05/19/1976,1400,Thunderstorm Wind,0,,0,0,0,0,ME,CST,,,C,25,,0,0,,,0,0,0,,0,,,05/19/1976,1400,44.77,-69.72,,,,,202
10043797,AROOSTOOK CO.,,05/19/1976,1400,Thunderstorm Wind,65,,0,0,0,0,ME,CST,,,C,3,,0,0,,,0,0,0,,0,,,05/19/1976,1400,46.63,-68.4,,,,,203
10043798,ANDROSCOGGIN CO.,,06/29/1976,1500,Hail,1.75,,0,0,0,0,ME,CST,,,C,1,,0,0,,,0,0,0,,0,,,06/29/1976,1500,44.25,-70.25,,,,,204
10043799,FRANKLIN CO.,,06/29/1976,1530,Hail,0.75,,0,0,0,0,ME,CST,,,C,7,,0,0,,,0,0,0,,0,,,06/29/1976,1530,44.53,-70.45,,,,,205
10043800,YORK CO.,,08/13/1976,1800,Tornado,0,,0,2,250000,0,ME,CST,,,C,31,,0,0,,,0.3,50,0,,0,,,08/13/1976,1800,43.32,-70.58,,,,,206
10043801,AROOSTOOK CO.,,05/25/1977,1300,Hail,0.75,,0,0,0,0,ME,CST,,,C,3,MT,0,0,,,0,0,0,,0,,,05/25/1977,1300,47.25,-68.6,,,,,207
10043802,CUMBERLAND CO.,,07/07/1977,1715,Hail,0.75,,0,0,0,0,ME,CST,,,C,5,ATA,0,0,,,0,0,0,,0,,,07/07/1977,1715,43.9,-69.93,,,,,208
10043803,CUMBERLAND CO.,,07/21/1977,1400,Thunderstorm Wind,0,,0,0,0,0,ME,CST,,,C,5,NG,0,0,,,0,0,0,,0,,,07/21/1977,1400,43.9,-70.47,,,,,209
10043804,CUMBERLAND CO.,,08/01/1977,1300,Hail,0.75,,0,0,0,0,ME,CST,,,C,5,,0,0,,,0,0,0,,0,,,08/01/1977,1300,43.98,-70.3,,,,,210
10043805,CUMBERLAND CO.,,08/01/1977,1300,Thunderstorm Wind,0,,0,0,0,0,ME,CST,,,C,5,ATA,0,0,,,0,0,0,,0,,,08/01/1977,1300,43.9,-70.47,,,,,211
10043806,HANCOCK CO.,,08/14/1977,2030,Tornado,0,F1,0,0,25000,0,ME,CST,,,C,9,,0,0,,,0.3,67,0,,0,,,08/14/1977,2030,44.3,-68.67,,,,,212
10043807,OXFORD CO.,,05/06/1978,1115,Tornado,0,F0,0,0,250,0,ME,CST,,,C,17,,0,0,,,0.1,10,0,,0,,,05/06/1978,1115,44.55,-70.53,,,,,213
10043808,CUMBERLAND CO.,,06/29/1978,1830,Hail,0.75,,0,0,0,0,ME,CST,,,C,5,ATA,0,0,,,0,0,0,,0,,,06/29/1978,1830,43.73,-70.55,,,,,214
10043809,OXFORD CO.,,07/09/1978,1123,Hail,1,,0,0,0,0,ME,CST,,,C,17,NG,0,0,,,0,0,0,,0,,,07/09/1978,1123,44.42,-70.78,,,,,215
10043810,AROOSTOOK CO.,,07/23/1978,1200,Thunderstorm Wind,0,,0,0,0,0,ME,CST,,,C,3,T,0,0,,,0,0,0,,0,,,07/23/1978,1200,45.88,-67.83,,,,,216
10043811,AROOSTOOK CO.,,07/23/1978,1230,Thunderstorm Wind,0,,0,0,0,0,ME,CST,,,C,3,T,0,0,,,0,0,0,,0,,,07/23/1978,1230,46.12,-67.83,,,,,217
10043812,PENOBSCOT CO.,,07/23/1978,1400,Thunderstorm Wind,0,,0,0,0,0,ME,CST,,,C,19,T,0,0,,,0,0,0,,0,,,07/23/1978,1400,44.8,-68.82,,,,,218
10043813,OXFORD CO.,,07/23/1978,1400,Thunderstorm Wind,0,,0,0,0,0,ME,CST,,,C,17,T,0,0,,,0,0,0,,0,,,07/23/1978,1400,44.5,-70.25,,,,,219
10043814,FRANKLIN CO.,,07/23/1978,1500,Tornado,0,F1,0,0,0,0,ME,CST,,,C,7,,0,0,,,0.2,40,0,,0,,,07/23/1978,1500,44.97,-70.13,,,,,220
10043815,CUMBERLAND CO.,,04/06/1979,1010,Thunderstorm Wind,50,,0,0,0,0,ME,CST,,,C,5,S,0,0,,,0,0,0,,0,,,04/06/1979,1010,43.67,-70.27,,,,,221
10043816,CUMBERLAND CO.,,08/30/1979,1400,Thunderstorm Wind,0,,0,0,0,0,ME,CST,,,C,5,MT,0,0,,,0,0,0,,0,,,08/30/1979,1400,43.67,-70.27,,,,,222
10043817,PENOBSCOT CO.,,06/25/1980,1300,Thunderstorm Wind,0,,0,0,0,0,ME,CST,,,C,19,NG,0,0,,,0,0,0,,0,,,06/25/1980,1300,45.37,-68.5,,,,,223
10043818,PENOBSCOT CO.,,06/25/1980,1715,Thunderstorm Wind,0,,0,0,0,0,ME,CST,,,C,19,ATA,0,0,,,0,0,0,,0,,,06/25/1980,1715,44.8,-68.77,,,,,224
10043819,KENNEBEC CO.,,06/26/1980,1300,Thunderstorm Wind,0,,0,0,0,0,ME,CST,,,C,11,NG,0,0,,,0,0,0,,0,,,06/26/1980,1300,44.55,-69.63,,,,,225
10043820,SOMERSET CO.,,07/11/1980,1330,Hail,1,,0,0,0,0,ME,CST,,,C,25,T,0,0,,,0,0,0,,0,,,07/11/1980,1330,45.05,-69.9,,,,,226
10043821,OXFORD CO.,,07/11/1980,1345,Hail,1.75,,0,0,0,0,ME,CST,,,C,17,T,0,0,,,0,0,0,,0,,,07/11/1980,1345,44.55,-70.53,,,,,227
10043822,OXFORD CO.,,07/11/1980,1600,Hail,2.5,,0,0,0,0,ME,CST,,,C,17,T,0,0,,,0,0,0,,0,,,07/11/1980,1600,44.43,-70.32,,,,,228
10043823,CUMBERLAND CO.,,07/12/1980,1700,Hail,1,,0,0,0,0,ME,CST,,,C,5,T,0,0,,,0,0,0,,0,,,07/12/1980,1700,43.68,-70.43,,,,,229
10043824,OXFORD CO.,,07/12/1980,1812,Thunderstorm Wind,0,,0,0,0,0,ME,CST,,,C,17,T,0,0,,,0,0,0,,0,,,07/12/1980,1812,44.13,-70.48,,,,,230
10043825,KENNEBEC CO.,,08/31/1980,1645,Thunderstorm Wind,0,,0,0,0,0,ME,CST,,,C,11,ATA,0,0,,,0,0,0,,0,,,08/31/1980,1645,44.52,-69.63,,,,,231
10043826,CUMBERLAND CO.,,06/04/1981,1600,Thunderstorm Wind,61,,0,0,0,0,ME,CST,,,C,5,T,0,0,,,0,0,0,,0,,,06/04/1981,1600,43.8,-70.42,,,,,232
10043827,FRANKLIN CO.,,06/06/1981,1130,Hail,1,,0,0,0,0,ME,CST,,,C,7,NG,0,0,,,0,0,0,,0,,,06/06/1981,1130,45.22,-70.48,,,,,233
10043828,OXFORD CO.,,06/06/1981,1245,Tornado,0,F1,0,0,25000,0,ME,CST,,,C,17,,0,0,,,0.1,17,0,,0,,,06/06/1981,1245,44.32,-70.57,,,,,234
10043829,OXFORD CO.,,06/06/1981,1300,Thunderstorm Wind,52,,0,0,0,0,ME,CST,,,C,17,T,0,0,,,0,0,0,,0,,,06/06/1981,1300,44.5,-70.4,,,,,235
10043831,FRANKLIN CO.,,06/06/1981,1300,Thunderstorm Wind,0,,0,0,0,0,ME,CST,,,C,7,T,0,0,,,0,0,0,,0,,,06/06/1981,1300,44.73,-70.42,,,,,236
10043830,KENNEBEC CO.,,06/06/1981,1300,Thunderstorm Wind,50,,0,0,0,0,ME,CST,,,C,11,S,0,0,,,0,0,0,,0,,,06/06/1981,1300,44.32,-69.8,,,,,237
10043832,PENOBSCOT CO.,,07/08/1981,1920,Thunderstorm Wind,60,,0,0,0,0,ME,CST,,,C,19,S,0,0,,,0,0,0,,0,,,07/08/1981,1920,44.8,-68.83,,,,,238
10043833,YORK CO.,,09/22/1981,1530,Thunderstorm Wind,0,,0,0,0,0,ME,CST,,,C,31,ATA,0,0,,,0,0,0,,0,,,09/22/1981,1530,43.38,-70.55,,,,,239
10043834,PISCATAQUIS CO.,,07/17/1982,1430,Thunderstorm Wind,0,,0,0,0,0,ME,CST,,,C,21,T,0,0,,,0,0,0,,0,,,07/17/1982,1430,45.47,-69.1,,,,,240
10043835,PISCATAQUIS CO.,,07/17/1982,1430,Thunderstorm Wind,0,,0,0,0,0,ME,CST,,,C,21,ATA,0,0,,,0,0,0,,0,,,07/17/1982,1430,45.82,-69.28,,,,,241
10043836,PISCATAQUIS CO.,,07/17/1982,1600,Thunderstorm Wind,0,,0,0,0,0,ME,CST,,,C,21,ATA,0,0,,,0,0,0,,0,,,07/17/1982,1600,45.82,-69.28,,,,,242
10043837,ANDROSCOGGIN CO.,,07/19/1982,1225,Thunderstorm Wind,0,,0,0,0,0,ME,CST,,,C,1,ATA,0,0,,,0,0,0,,0,,,07/19/1982,1225,44.07,-70.38,,,,,243
10043838,ANDROSCOGGIN CO.,,07/19/1982,1240,Thunderstorm Wind,0,,0,0,0,0,ME,CST,,,C,1,MT,0,0,,,0,0,0,,0,,,07/19/1982,1240,44.07,-70.38,,,,,244
10046920,LINCOLN CO.,,07/19/1982,1315,Thunderstorm Wind,0,,0,0,0,0,ME,CST,,,C,15,MT,0,0,,,0,0,0,,0,,,07/19/1982,1315,44.03,-69.53,,,,,245
10043839,ANDROSCOGGIN CO.,,07/19/1982,1315,Thunderstorm Wind,0,,0,0,0,0,ME,CST,,,C,1,ATA,0,0,,,0,0,0,,0,,,07/19/1982,1315,44.1,-70.23,,,,,246
10046921,ANDROSCOGGIN CO.,,07/19/1982,1330,Thunderstorm Wind,0,,0,0,0,0,ME,CST,,,C,1,ATA,0,0,,,0,0,0,,0,,,07/19/1982,1330,44.1,-70.2,,,,,247
10042447,ANDROSCOGGIN CO.,,07/19/1982,1340,Thunderstorm Wind,0,,0,0,0,0,ME,CST,,,C,1,ATA,0,0,,,0,0,0,,0,,,07/19/1982,1340,44.1,-70.23,,,,,248
10042448,ANDROSCOGGIN CO.,,07/19/1982,1400,Thunderstorm Wind,0,,0,0,0,0,ME,CST,,,C,1,ATA,0,0,,,0,0,0,,0,,,07/19/1982,1400,44.12,-70.1,,,,,249
10042449,OXFORD CO.,,07/19/1982,1610,Thunderstorm Wind,0,,0,0,0,0,ME,CST,,,C,17,T,0,0,,,0,0,0,,0,,,07/19/1982,1610,44.22,-70.53,,,,,250
10042450,KENNEBEC CO.,,08/17/1982,1215,Hail,1,,0,0,0,0,ME,CST,,,C,11,MT,0,0,,,0,0,0,,0,,,08/17/1982,1215,44.3,-69.97,,,,,251
10042451,KENNEBEC CO.,,06/13/1983,1255,Hail,0.75,,0,0,0,0,ME,CST,,,C,11,RR,0,0,,,0,0,0,,0,,,06/13/1983,1255,44.38,-69.78,,,,,252
10042452,KENNEBEC CO.,,06/13/1983,1300,Hail,2.5,,0,0,0,0,ME,CST,,,C,11,AT,0,0,,,0,0,0,,0,,,06/13/1983,1300,44.63,-69.5,,,,,253
10042459,OXFORD CO.,,06/13/1983,1300,Thunderstorm Wind,0,,0,0,0,0,ME,CST,,,C,17,AT,0,0,,,0,0,0,,0,,,06/13/1983,1300,44.18,-70.72,,,,,254
10042458,KENNEBEC CO.,,06/13/1983,1300,Thunderstorm Wind,0,,0,0,0,0,ME,CST,,,C,11,AT,0,0,,,0,0,0,,0,,,06/13/1983,1300,44.55,-69.63,,,,,255
10042457,KENNEBEC CO.,,06/13/1983,1300,Thunderstorm Wind,0,,0,0,0,0,ME,CST,,,C,11,AT,0,0,,,0,0,0,,0,,,06/13/1983,1300,44.63,-69.5,,,,,256
10042456,CUMBERLAND CO.,,06/13/1983,1300,Thunderstorm Wind,0,,0,0,0,0,ME,CST,,,C,5,AT,0,0,,,0,0,0,,0,,,06/13/1983,1300,44.05,-70.55,,,,,257
10042455,CUMBERLAND CO.,,06/13/1983,1300,Thunderstorm Wind,0,,0,0,0,0,ME,CST,,,C,5,AT,0,0,,,0,0,0,,0,,,06/13/1983,1300,44.05,-70.7,,,,,258
10042454,CUMBERLAND CO.,,06/13/1983,1300,Hail,1,,0,0,0,0,ME,CST,,,C,5,AT,0,0,,,0,0,0,,0,,,06/13/1983,1300,44.05,-70.7,,,,,259
10042453,KENNEBEC CO.,,06/13/1983,1300,Hail,0.75,,0,0,0,0,ME,CST,,,C,11,AT,0,0,,,0,0,0,,0,,,06/13/1983,1300,44.55,-69.63,,,,,260
10042460,KENNEBEC CO.,,06/13/1983,1330,Hail,0.75,,0,0,0,0,ME,CST,,,C,11,T,0,0,,,0,0,0,,0,,,06/13/1983,1330,44.55,-69.63,,,,,261
10042461,OXFORD CO.,,06/13/1983,1615,Hail,0.75,,0,0,0,0,ME,CST,,,C,17,RR,0,0,,,0,0,0,,0,,,06/13/1983,1615,44.5,-70.78,,,,,262
10042462,CUMBERLAND CO.,,06/13/1983,1630,Hail,1,,0,0,0,0,ME,CST,,,C,5,T,0,0,,,0,0,0,,0,,,06/13/1983,1630,44.05,-70.7,,,,,263
10042467,SOMERSET CO.,,06/14/1983,1400,Thunderstorm Wind,0,,0,0,0,0,ME,CST,,,C,25,AT,0,0,,,0,0,0,,0,,,06/14/1983,1400,44.92,-69.4,,,,,264
10042466,PISCATAQUIS CO.,,06/14/1983,1400,Thunderstorm Wind,0,,0,0,0,0,ME,CST,,,C,21,AT,0,0,,,0,0,0,,0,,,06/14/1983,1400,45.35,-69.05,,,,,265
10042465,PISCATAQUIS CO.,,06/14/1983,1400,Thunderstorm Wind,56,,0,0,0,0,ME,CST,,,C,21,AT,0,0,,,0,0,0,,0,,,06/14/1983,1400,45.17,-69.38,,,,,266
10042464,PISCATAQUIS CO.,,06/14/1983,1400,Hail,0.75,,0,0,0,0,ME,CST,,,C,21,RR,0,0,,,0,0,0,,0,,,06/14/1983,1400,45.82,-69.28,,,,,267
10042463,PISCATAQUIS CO.,,06/14/1983,1400,Hail,0.75,,0,0,0,0,ME,CST,,,C,21,AT,0,0,,,0,0,0,,0,,,06/14/1983,1400,45.17,-69.38,,,,,268
10042468,PISCATAQUIS CO.,,06/14/1983,1530,Hail,0.75,,0,0,0,0,ME,CST,,,C,21,RR,0,0,,,0,0,0,,0,,,06/14/1983,1530,45.82,-69.28,,,,,269
10042469,YORK CO.,,06/14/1983,1600,Hail,0.75,,0,0,0,0,ME,CST,,,C,31,RR,0,0,,,0,0,0,,0,,,06/14/1983,1600,43.53,-70.72,,,,,270
10042471,YORK CO.,,06/14/1983,1600,Thunderstorm Wind,0,,0,0,0,0,ME,CST,,,C,31,RR,0,0,,,0,0,0,,0,,,06/14/1983,1600,43.65,-70.85,,,,,271
10042470,PISCATAQUIS CO.,,06/14/1983,1600,Thunderstorm Wind,54,,0,0,0,0,ME,CST,,,C,21,MT,0,0,,,0,0,0,,0,,,06/14/1983,1600,45.17,-69.38,,,,,272
10042472,PISCATAQUIS CO.,,06/14/1983,1615,Hail,0.75,,0,0,0,0,ME,CST,,,C,21,RR,0,0,,,0,0,0,,0,,,06/14/1983,1615,45.82,-69.28,,,,,273
10042473,PISCATAQUIS CO.,,06/14/1983,1615,Thunderstorm Wind,0,,0,0,0,0,ME,CST,,,C,21,RR,0,0,,,0,0,0,,0,,,06/14/1983,1615,45.82,-69.28,,,,,274
10042474,YORK CO.,,06/14/1983,1630,Hail,0.75,,0,0,0,0,ME,CST,,,C,31,RR,0,0,,,0,0,0,,0,,,06/14/1983,1630,43.48,-70.75,,,,,275
10042475,SOMERSET CO.,,06/14/1983,1700,Thunderstorm Wind,0,,0,0,0,0,ME,CST,,,C,25,RR,0,0,,,0,0,0,,0,,,06/14/1983,1700,45.48,-69.98,,,,,276
10042476,CUMBERLAND CO.,,07/02/1983,1300,Thunderstorm Wind,0,,0,0,0,0,ME,CST,,,C,5,AT,0,0,,,0,0,0,,0,,,07/02/1983,1300,43.85,-70.42,,,,,277
10042477,AROOSTOOK CO.,,07/15/1983,1130,Hail,0.75,,0,0,0,0,ME,CST,,,C,3,NG,0,0,,,0,0,0,,0,,,07/15/1983,1130,46.95,-68.02,,,,,278
10042478,WALDO CO.,,07/15/1983,1515,Hail,0.75,,0,0,0,0,ME,CST,,,C,27,NG,0,0,,,0,0,0,,0,,,07/15/1983,1515,44.62,-69.33,,,,,279
10042479,FRANKLIN CO.,,07/15/1983,1655,Hail,0.75,,0,0,0,0,ME,CST,,,C,7,NG,0,0,,,0,0,0,,0,,,07/15/1983,1655,44.63,-70.02,,,,,280
10042480,PISCATAQUIS CO.,,07/15/1983,1830,Hail,0.75,,0,0,0,0,ME,CST,,,C,21,NG,0,0,,,0,0,0,,0,,,07/15/1983,1830,45.18,-69.23,,,,,281
10042481,CUMBERLAND CO.,,08/02/1983,1330,Hail,0.75,,0,0,0,0,ME,CST,,,C,5,AT,0,0,,,0,0,0,,0,,,08/02/1983,1330,43.68,-70.35,,,,,282
10042482,CUMBERLAND CO.,,08/02/1983,1330,Thunderstorm Wind,0,,0,0,0,0,ME,CST,,,C,5,AT,0,0,,,0,0,0,,0,,,08/02/1983,1330,43.68,-70.35,,,,,283
10042486,PENOBSCOT CO.,,08/08/1983,1400,Thunderstorm Wind,0,,0,0,0,0,ME,CST,,,C,19,AT,0,0,,,0,0,0,,0,,,08/08/1983,1400,45.38,-68.6,,,,,284
10042485,SOMERSET CO.,,08/08/1983,1400,Thunderstorm Wind,0,,0,0,0,0,ME,CST,,,C,25,AT,0,0,,,0,0,0,,0,,,08/08/1983,1400,45.48,-69.98,,,,,285
10042484,SOMERSET CO.,,08/08/1983,1400,Thunderstorm Wind,0,,0,0,0,0,ME,CST,,,C,25,AT,0,0,,,0,0,0,,0,,,08/08/1983,1400,44.78,-69.38,,,,,286
10042483,SOMERSET CO.,,08/08/1983,1400,Thunderstorm Wind,0,,0,0,0,0,ME,CST,,,C,25,AT,0,0,,,0,0,0,,0,,,08/08/1983,1400,44.77,-69.72,,,,,287
10042487,OXFORD CO.,,08/08/1983,1430,Thunderstorm Wind,0,,0,0,0,0,ME,CST,,,C,17,DN,0,0,,,0,0,0,,0,,,08/08/1983,1430,44.42,-70.78,,,,,288
10042489,OXFORD CO.,,08/08/1983,1445,Thunderstorm Wind,0,,0,0,0,0,ME,CST,,,C,17,DN,0,0,,,0,0,0,,0,,,08/08/1983,1445,44.55,-70.53,,,,,289
10042488,FRANKLIN CO.,,08/08/1983,1445,Thunderstorm Wind,0,,0,0,0,0,ME,CST,,,C,7,DN,0,0,,,0,0,0,,0,,,08/08/1983,1445,44.67,-70.15,,,,,290
10042490,OXFORD CO.,,08/08/1983,1510,Thunderstorm Wind,0,,0,0,0,0,ME,CST,,,C,17,DN,0,0,,,0,0,0,,0,,,08/08/1983,1510,44.22,-70.5,,,,,291
10042493,PISCATAQUIS CO.,,08/08/1983,1510,Thunderstorm Wind,0,,0,0,0,0,ME,CST,,,C,21,RR,0,0,,,0,0,0,,0,,,08/08/1983,1510,46.12,-69.25,,,,,292
10042492,SOMERSET CO.,,08/08/1983,1510,Thunderstorm Wind,0,,0,0,0,0,ME,CST,,,C,25,DN,0,0,,,0,0,0,,0,,,08/08/1983,1510,44.77,-69.72,,,,,293
10042491,PISCATAQUIS CO.,,08/08/1983,1510,Thunderstorm Wind,52,,0,0,0,0,ME,CST,,,C,21,DN,0,0,,,0,0,0,,0,,,08/08/1983,1510,45.17,-69.38,,,,,294
10042495,PISCATAQUIS CO.,,08/08/1983,1515,Thunderstorm Wind,0,,0,0,0,0,ME,CST,,,C,21,T,0,0,,,0,0,0,,0,,,08/08/1983,1515,45.18,-69.23,,,,,295
10042494,PISCATAQUIS CO.,,08/08/1983,1515,Thunderstorm Wind,0,,0,0,0,0,ME,CST,,,C,21,RR,0,0,,,0,0,0,,0,,,08/08/1983,1515,46.12,-69.25,,,,,296
10042497,PISCATAQUIS CO.,,08/08/1983,1515,Thunderstorm Wind,0,,0,0,0,0,ME,CST,,,C,21,DN,0,0,,,0,0,0,,0,,,08/08/1983,1515,45.3,-69.03,,,,,297
10042496,ANDROSCOGGIN CO.,,08/08/1983,1515,Thunderstorm Wind,0,,0,0,0,0,ME,CST,,,C,1,DN,0,0,,,0,0,0,,0,,,08/08/1983,1515,44.38,-70.25,,,,,298
10042498,KENNEBEC CO.,,08/08/1983,1530,Thunderstorm Wind,0,,0,0,0,0,ME,CST,,,C,11,DN,0,0,,,0,0,0,,0,,,08/08/1983,1530,44.48,-69.52,,,,,299
10042499,KENNEBEC CO.,,08/08/1983,1530,Thunderstorm Wind,0,,0,0,0,0,ME,CST,,,C,11,DN,0,0,,,0,0,0,,0,,,08/08/1983,1530,44.38,-69.78,,,,,300
10042500,SOMERSET CO.,,08/08/1983,1600,Thunderstorm Wind,0,,0,0,0,0,ME,CST,,,C,25,RR,0,0,,,0,0,0,,0,,,08/08/1983,1600,45.98,-70.03,,,,,301
10042501,FRANKLIN CO.,,08/08/1983,1930,Thunderstorm Wind,0,,0,0,0,0,ME,CST,,,C,7,RR,0,0,,,0,0,0,,0,,,08/08/1983,1930,45.97,-70.42,,,,,302
10042502,AROOSTOOK CO.,,09/07/1983,900,Thunderstorm Wind,0,,0,0,0,0,ME,CST,,,C,3,AT,0,0,,,0,0,0,,0,,,09/07/1983,900,46.12,-67.83,,,,,303
10042503,SOMERSET CO.,,05/23/1984,1520,Tornado,0,F1,0,0,250000,0,ME,CST,,,C,25,,0,0,,,0.3,20,0,,0,,,05/23/1984,1520,45.63,-70.27,,,,,304
10042504,PISCATAQUIS CO.,,05/23/1984,1630,Thunderstorm Wind,0,,0,0,0,0,ME,CST,,,C,21,T,0,0,,,0,0,0,,0,,,05/23/1984,1630,46.08,-68.65,,,,,305
10042505,AROOSTOOK CO.,,05/23/1984,1738,Thunderstorm Wind,51,,0,0,0,0,ME,CST,,,C,3,T,0,0,,,0,0,0,,0,,,05/23/1984,1738,46.87,-68.02,,,,,306
10042506,ANDROSCOGGIN CO.,,06/04/1984,948,Hail,1.75,,0,0,0,0,ME,CST,,,C,1,ATA,0,0,,,0,0,0,,0,,,06/04/1984,948,44.25,-70.25,,,,,307
10042507,CUMBERLAND CO.,,06/04/1984,955,Hail,1,,0,0,0,0,ME,CST,,,C,5,AT,0,0,,,0,0,0,,0,,,06/04/1984,955,43.97,-70.28,,,,,308
10042508,ANDROSCOGGIN CO.,,06/04/1984,955,Hail,1,,0,0,0,0,ME,CST,,,C,1,ATA,0,0,,,0,0,0,,0,,,06/04/1984,955,44.03,-70.37,,,,,309
10042509,KENNEBEC CO.,,06/11/1984,1210,Thunderstorm Wind,0,,0,0,0,0,ME,CST,,,C,11,NG,0,0,,,0,0,0,,0,,,06/11/1984,1210,44.55,-69.63,,,,,310
10042510,HANCOCK CO.,,06/11/1984,1320,Thunderstorm Wind,0,,0,0,0,0,ME,CST,,,C,9,AT,0,0,,,0,0,0,,0,,,06/11/1984,1320,44.55,-68.42,,,,,311
10042511,YORK CO.,,06/14/1984,1645,Thunderstorm Wind,0,,0,0,0,0,ME,CST,,,C,31,AT,0,0,,,0,0,0,,0,,,06/14/1984,1645,43.32,-70.58,,,,,312
10042512,CUMBERLAND CO.,,07/16/1984,1630,Thunderstorm Wind,0,,0,0,0,0,ME,CST,,,C,5,T,0,0,,,0,0,0,,0,,,07/16/1984,1630,43.85,-70.42,,,,,313
10042513,AROOSTOOK CO.,,09/01/1984,1211,Hail,0.75,,0,0,0,0,ME,CST,,,C,3,S,0,0,,,0,0,0,,0,,,09/01/1984,1211,46.12,-67.83,,,,,314
10042514,FRANKLIN CO.,,09/20/1984,1533,Thunderstorm Wind,0,,0,0,0,0,ME,CST,,,C,7,AT,0,0,,,0,0,0,,0,,,09/20/1984,1533,44.95,-70.45,,,,,315
10045731,ANDROSCOGGIN CO.,,09/20/1984,1533,Thunderstorm Wind,0,,0,0,0,0,ME,CST,,,C,1,AT,0,0,,,0,0,0,,0,,,09/20/1984,1533,44.2,-70.22,,,,,316
10045730,OXFORD CO.,,09/20/1984,1533,Thunderstorm Wind,0,,0,0,0,0,ME,CST,,,C,17,AT,0,0,,,0,0,0,,0,,,09/20/1984,1533,44.5,-70.78,,,,,317
10045941,FRANKLIN CO.,,04/16/1985,1600,Thunderstorm Wind,0,,0,0,0,0,ME,CST,,,C,7,AT,0,0,,,0,0,0,,0,,,04/16/1985,1600,44.82,-70.33,,,,,318
10045942,PENOBSCOT CO.,,05/13/1985,2115,Hail,1.5,,0,0,0,0,ME,CST,,,C,19,AT,0,0,,,0,0,0,,0,,,05/13/1985,2115,44.93,-68.63,,,,,319
10045943,WASHINGTON CO.,,05/21/1985,1330,Hail,1.5,,0,0,0,0,ME,CST,,,C,29,AT,0,0,,,0,0,0,,0,,,05/21/1985,1330,45.22,-67.58,,,,,320
10045944,WASHINGTON CO.,,05/21/1985,1330,Thunderstorm Wind,0,,0,0,0,0,ME,CST,,,C,29,AT,0,0,,,0,0,0,,0,,,05/21/1985,1330,45.22,-67.58,,,,,321
10045945,OXFORD CO.,,06/24/1985,1145,Hail,1.5,,0,0,0,0,ME,CST,,,C,17,R,0,0,,,0,0,0,,0,,,06/24/1985,1145,43.97,-70.8,,,,,322
10045946,OXFORD CO.,,06/24/1985,1200,Hail,1.25,,0,0,0,0,ME,CST,,,C,17,AT,0,0,,,0,0,0,,0,,,06/24/1985,1200,44.05,-70.55,,,,,323
10045947,CUMBERLAND CO.,,06/24/1985,1200,Hail,1.25,,0,0,0,0,ME,CST,,,C,5,R,0,0,,,0,0,0,,0,,,06/24/1985,1200,44.05,-70.55,,,,,324
10045948,ANDROSCOGGIN CO.,,06/24/1985,1245,Hail,1.75,,0,0,0,0,ME,CST,,,C,1,R,0,0,,,0,0,0,,0,,,06/24/1985,1245,44.03,-70.1,,,,,325
10045949,SAGADAHOC CO.,,06/24/1985,1310,Hail,0.75,,0,0,0,0,ME,CST,,,C,23,R,0,0,,,0,0,0,,0,,,06/24/1985,1310,44.08,-69.8,,,,,326
10045950,KENNEBEC CO.,,06/24/1985,1310,Hail,0.75,,0,0,0,0,ME,CST,,,C,11,R,0,0,,,0,0,0,,0,,,06/24/1985,1310,44.32,-69.75,,,,,327
10045951,PISCATAQUIS CO.,,06/24/1985,1400,Hail,1.75,,0,0,0,0,ME,CST,,,C,21,AT,0,0,,,0,0,0,,0,,,06/24/1985,1400,45.25,-68.98,,,,,328
10045952,CUMBERLAND CO.,,06/24/1985,1410,Hail,1.25,,0,0,0,0,ME,CST,,,C,5,R,0,0,,,0,0,0,,0,,,06/24/1985,1410,43.97,-70.6,,,,,329
10045953,CUMBERLAND CO.,,06/24/1985,1437,Hail,1.75,,0,0,0,0,ME,CST,,,C,5,R,0,0,,,0,0,0,,0,,,06/24/1985,1437,43.97,-70.6,,,,,330
10045954,SAGADAHOC CO.,,06/24/1985,1515,Hail,0.75,,0,0,0,0,ME,CST,,,C,23,R,0,0,,,0,0,0,,0,,,06/24/1985,1515,44.08,-69.8,,,,,331
10045955,PENOBSCOT CO.,,06/24/1985,1600,Hail,1,,0,0,0,0,ME,CST,,,C,19,R,0,0,,,0,0,0,,0,,,06/24/1985,1600,44.75,-68.83,,,,,332
10045956,SAGADAHOC CO.,,06/24/1985,1610,Hail,1.25,,0,0,0,0,ME,CST,,,C,23,R,0,0,,,0,0,0,,0,,,06/24/1985,1610,44.08,-69.8,,,,,333
10045957,KENNEBEC CO.,,06/24/1985,1610,Hail,1.75,,0,0,0,0,ME,CST,,,C,11,R,0,0,,,0,0,0,,0,,,06/24/1985,1610,44.22,-69.93,,,,,334
10045958,SAGADAHOC CO.,,06/24/1985,1615,Thunderstorm Wind,0,,0,0,0,0,ME,CST,,,C,23,R,0,0,,,0,0,0,,0,,,06/24/1985,1615,44.08,-69.8,,,,,335
10045959,LINCOLN CO.,,06/24/1985,1645,Thunderstorm Wind,0,,0,0,0,0,ME,CST,,,C,15,AT,0,0,,,0,0,0,,0,,,06/24/1985,1645,43.87,-69.63,,,,,336
10045960,LINCOLN CO.,,06/24/1985,1705,Hail,0.75,,0,0,0,0,ME,CST,,,C,15,R,0,0,,,0,0,0,,0,,,06/24/1985,1705,44.2,-69.45,,,,,337
10045961,FRANKLIN CO.,,07/07/1985,1300,Hail,2,,0,0,0,0,ME,CST,,,C,7,AT,0,0,,,0,0,0,,0,,,07/07/1985,1300,44.58,-70.22,,,,,338
10045962,AROOSTOOK CO.,,07/22/1985,1330,Thunderstorm Wind,0,,0,0,0,0,ME,CST,,,C,3,AT,0,0,,,0,0,0,,0,,,07/22/1985,1330,46.72,-68.72,,,,,339
10045963,SOMERSET CO.,,07/26/1985,1200,Thunderstorm Wind,0,,0,1,0,0,ME,CST,,,C,25,AT,0,0,,,0,0,0,,0,,,07/26/1985,1200,45.48,-69.97,,,,,340
10045966,WALDO CO.,,07/26/1985,1200,Thunderstorm Wind,0,,0,0,0,0,ME,CST,,,C,27,AT,0,0,,,0,0,0,,0,,,07/26/1985,1200,44.5,-69.18,,,,,341
10045965,ANDROSCOGGIN CO.,,07/26/1985,1200,Thunderstorm Wind,0,,0,0,0,0,ME,CST,,,C,1,AT,0,0,,,0,0,0,,0,,,07/26/1985,1200,44.2,-70.22,,,,,342
10045964,YORK CO.,,07/26/1985,1200,Thunderstorm Wind,0,,0,0,0,0,ME,CST,,,C,31,AT,0,0,,,0,0,0,,0,,,07/26/1985,1200,43.48,-70.75,,,,,343
10045967,YORK CO.,,10/27/1985,1335,Thunderstorm Wind,0,,0,0,0,0,ME,CST,,,C,31,AT,0,0,,,0,0,0,,0,,,10/27/1985,1335,43.08,-70.7,,,,,344
10045968,SAGADAHOC CO.,,05/28/1986,1200,Hail,1,,0,0,0,0,ME,CST,,,C,23,PWM,0,0,,,0,0,0,,0,,,05/28/1986,1200,44.02,-69.9,,,,,345
10045969,SOMERSET CO.,,05/28/1986,1315,Hail,0.75,,0,0,0,0,ME,CST,,,C,25,PWM,0,0,,,0,0,0,,0,,,05/28/1986,1315,44.97,-69.53,,,,,346
10045970,CUMBERLAND CO.,,05/28/1986,1315,Hail,0.75,,0,0,0,0,ME,CST,,,C,5,PWM,0,0,,,0,0,0,,0,,,05/28/1986,1315,43.9,-69.97,,,,,347
10045971,SAGADAHOC CO.,,05/28/1986,1330,Hail,1,,0,0,0,0,ME,CST,,,C,23,PWM,0,0,,,0,0,0,,0,,,05/28/1986,1330,43.82,-69.82,,,,,348
10045972,SAGADAHOC CO.,,05/28/1986,1350,Hail,0.75,,0,0,0,0,ME,CST,,,C,23,PWM,0,0,,,0,0,0,,0,,,05/28/1986,1350,43.8,-69.75,,,,,349
10045973,PENOBSCOT CO.,,05/28/1986,1400,Hail,1,,0,0,0,0,ME,CST,,,C,19,PWM,0,0,,,0,0,0,,0,,,05/28/1986,1400,44.73,-68.82,,,,,350
10045974,OXFORD CO.,,05/29/1986,1820,Thunderstorm Wind,0,,0,0,0,0,ME,CST,,,C,17,PWM,0,0,,,0,0,0,,0,,,05/29/1986,1820,44.18,-70.72,,,,,351
10045975,CUMBERLAND CO.,,05/29/1986,1830,Thunderstorm Wind,0,,0,0,0,0,ME,CST,,,C,5,PWM,0,0,,,0,0,0,,0,,,05/29/1986,1830,44,-70.52,,,,,352
10045976,OXFORD CO.,,05/29/1986,1835,Thunderstorm Wind,0,,0,0,0,0,ME,CST,,,C,17,PWM,0,0,,,0,0,0,,0,,,05/29/1986,1835,43.93,-70.9,,,,,353
10045977,YORK CO.,,05/29/1986,1855,Thunderstorm Wind,0,,0,0,0,0,ME,CST,,,C,31,PWM,0,0,,,0,0,0,,0,,,05/29/1986,1855,43.43,-70.78,,,,,354
10045978,OXFORD CO.,,06/01/1986,1315,Thunderstorm Wind,0,,0,0,0,0,ME,CST,,,C,17,PWM,0,0,,,0,0,0,,0,,,06/01/1986,1315,44.18,-70.72,,,,,355
10045980,CUMBERLAND CO.,,06/01/1986,1320,Hail,4,,0,0,0,0,ME,CST,,,C,5,PWM,0,0,,,0,0,0,,0,,,06/01/1986,1320,44,-70.52,,,,,356
10045981,CUMBERLAND CO.,,06/01/1986,1320,Hail,4,,0,0,0,0,ME,CST,,,C,5,PWM,0,0,,,0,0,0,,0,,,06/01/1986,1320,43.88,-70.7,,,,,357
10045979,OXFORD CO.,,06/01/1986,1320,Hail,1.75,,0,0,0,0,ME,CST,,,C,17,PWM,0,0,,,0,0,0,,0,,,06/01/1986,1320,43.97,-70.8,,,,,358
10045982,CUMBERLAND CO.,,06/01/1986,1350,Hail,1.5,,0,0,0,0,ME,CST,,,C,5,PWM,0,0,,,0,0,0,,0,,,06/01/1986,1350,43.88,-70.33,,,,,359
10045983,CUMBERLAND CO.,,06/01/1986,1400,Hail,1.75,,0,0,0,0,ME,CST,,,C,5,PWM,0,0,,,0,0,0,,0,,,06/01/1986,1400,43.85,-70.1,,,,,360
10045984,CUMBERLAND CO.,,06/01/1986,1410,Hail,1,,0,0,0,0,ME,CST,,,C,5,PWM,0,0,,,0,0,0,,0,,,06/01/1986,1410,43.57,-70.2,,,,,361
10045985,YORK CO.,,06/01/1986,1545,Hail,1,,0,0,0,0,ME,CST,,,C,31,PWM,0,0,,,0,0,0,,0,,,06/01/1986,1545,43.38,-70.55,,,,,362
10045986,YORK CO.,,06/16/1986,1145,Thunderstorm Wind,0,,0,0,0,0,ME,CST,,,C,31,PWM,0,0,,,0,0,0,,0,,,06/16/1986,1145,43.5,-70.85,,,,,363
10045987,YORK CO.,,06/16/1986,1150,Hail,1.75,,0,0,0,0,ME,CST,,,C,31,PWM,0,0,,,0,0,0,,0,,,06/16/1986,1150,43.4,-70.65,,,,,364
10045989,YORK CO.,,06/16/1986,1150,Thunderstorm Wind,0,,0,0,0,0,ME,CST,,,C,31,PWM,0,0,,,0,0,0,,0,,,06/16/1986,1150,43.6,-70.63,,,,,365
10045988,YORK CO.,,06/16/1986,1150,Hail,1.75,,0,0,0,0,ME,CST,,,C,31,PWM,0,0,,,0,0,0,,0,,,06/16/1986,1150,43.68,-70.8,,,,,366
10045990,CUMBERLAND CO.,,06/16/1986,1155,Thunderstorm Wind,52,,0,0,0,0,ME,CST,,,C,5,PWM,0,0,,,0,0,0,,0,,,06/16/1986,1155,43.68,-70.43,,,,,367
10045991,SOMERSET CO.,,06/16/1986,1220,Hail,1,,0,0,0,0,ME,CST,,,C,25,PWM,0,0,,,0,0,0,,0,,,06/16/1986,1220,44.92,-69.4,,,,,368
10045992,PENOBSCOT CO.,,06/16/1986,1240,Thunderstorm Wind,52,,0,0,0,0,ME,CST,,,C,19,PWM,0,0,,,0,0,0,,0,,,06/16/1986,1240,44.92,-69.25,,,,,369
10045993,PENOBSCOT CO.,,06/16/1986,1255,Thunderstorm Wind,0,,0,0,0,0,ME,CST,,,C,19,PWM,0,0,,,0,0,0,,0,,,06/16/1986,1255,44.97,-69.13,,,,,370
10045994,AROOSTOOK CO.,,06/16/1986,1320,Thunderstorm Wind,0,,0,0,0,0,ME,CST,,,C,3,PWM,0,0,,,0,0,0,,0,,,06/16/1986,1320,45.87,-68.42,,,,,371
10045995,AROOSTOOK CO.,,06/16/1986,1330,Thunderstorm Wind,0,,0,0,0,0,ME,CST,,,C,3,PWM,0,0,,,0,0,0,,0,,,06/16/1986,1330,46.15,-68.35,,,,,372
10045996,AROOSTOOK CO.,,06/16/1986,1340,Thunderstorm Wind,0,,0,0,0,0,ME,CST,,,C,3,PWM,0,0,,,0,0,0,,0,,,06/16/1986,1340,45.77,-68.1,,,,,373
10045997,AROOSTOOK CO.,,06/16/1986,1355,Thunderstorm Wind,0,,0,0,0,0,ME,CST,,,C,3,PWM,0,0,,,0,0,0,,0,,,06/16/1986,1355,46.13,-68.17,,,,,374
10045998,AROOSTOOK CO.,,06/16/1986,1355,Thunderstorm Wind,0,,0,0,0,0,ME,CST,,,C,3,PWM,0,0,,,0,0,0,,0,,,06/16/1986,1355,46.1,-67.95,,,,,375
10045999,AROOSTOOK CO.,,06/16/1986,1400,Thunderstorm Wind,0,,0,0,0,0,ME,CST,,,C,3,PWM,0,0,,,0,0,0,,0,,,06/16/1986,1400,46.77,-68.47,,,,,376
10046000,AROOSTOOK CO.,,06/16/1986,1420,Hail,0.75,,0,0,0,0,ME,CST,,,C,3,PWM,0,0,,,0,0,0,,0,,,06/16/1986,1420,46.77,-68.47,,,,,377
10046001,YORK CO.,,06/16/1986,1455,Hail,1.75,,0,0,0,0,ME,CST,,,C,31,PWM,0,0,,,0,0,0,,0,,,06/16/1986,1455,43.27,-70.87,,,,,378
10046002,KENNEBEC CO.,,06/28/1986,2200,Thunderstorm Wind,0,,0,0,0,0,ME,CST,,,C,11,PWM,0,0,,,0,0,0,,0,,,06/28/1986,2200,44.4,-69.47,,,,,379
10046003,HANCOCK CO.,,06/28/1986,2255,Thunderstorm Wind,0,,0,0,0,0,ME,CST,,,C,9,PWM,0,0,,,0,0,0,,0,,,06/28/1986,2255,44.38,-68.8,,,,,380
10046004,OXFORD CO.,,06/29/1986,1625,Thunderstorm Wind,0,,0,0,0,0,ME,CST,,,C,17,PWM,0,0,,,0,0,0,,0,,,06/29/1986,1625,43.88,-70.8,,,,,381
10046005,YORK CO.,,06/29/1986,1630,Thunderstorm Wind,0,,0,0,0,0,ME,CST,,,C,31,PWM,0,0,,,0,0,0,,0,,,06/29/1986,1630,43.65,-70.85,,,,,382
10046006,YORK CO.,,06/29/1986,1645,Thunderstorm Wind,0,,0,0,0,0,ME,CST,,,C,31,PWM,0,0,,,0,0,0,,0,,,06/29/1986,1645,43.68,-70.8,,,,,383
10046007,YORK CO.,,06/29/1986,1650,Thunderstorm Wind,0,,0,0,0,0,ME,CST,,,C,31,PWM,0,0,,,0,0,0,,0,,,06/29/1986,1650,43.47,-70.72,,,,,384
10046008,YORK CO.,,06/29/1986,1715,Thunderstorm Wind,0,,0,0,0,0,ME,CST,,,C,31,PWM,0,0,,,0,0,0,,0,,,06/29/1986,1715,43.35,-70.47,,,,,385
10046009,HANCOCK CO.,,06/29/1986,1755,Hail,1,,0,0,0,0,ME,CST,,,C,9,PWM,0,0,,,0,0,0,,0,,,06/29/1986,1755,44.57,-68.73,,,,,386
10044676,PENOBSCOT CO.,,06/29/1986,1755,Thunderstorm Wind,0,,0,0,0,0,ME,CST,,,C,19,PWM,0,0,,,0,0,0,,0,,,06/29/1986,1755,44.73,-68.82,,,,,387
10045800,KENNEBEC CO.,,07/18/1986,1315,Thunderstorm Wind,0,,0,0,0,0,ME,CST,,,C,11,PWM,0,0,,,0,0,0,,0,,,07/18/1986,1315,44.23,-70.03,,,,,388
10046012,PENOBSCOT CO.,,07/18/1986,1330,Hail,1,,0,0,0,0,ME,CST,,,C,19,PWM,0,0,,,0,0,0,,0,,,07/18/1986,1330,44.92,-68.92,,,,,389
10045801,PENOBSCOT CO.,,07/18/1986,1330,Hail,1,,0,0,0,0,ME,CST,,,C,19,PWM,0,0,,,0,0,0,,0,,,07/18/1986,1330,44.77,-69.2,,,,,390
10046013,PENOBSCOT CO.,,07/18/1986,1410,Hail,1,,0,0,0,0,ME,CST,,,C,19,PWM,0,0,,,0,0,0,,0,,,07/18/1986,1410,44.68,-69.17,,,,,391
10046014,WALDO CO.,,07/18/1986,1410,Hail,1.5,,0,0,0,0,ME,CST,,,C,27,PWM,0,0,,,0,0,0,,0,,,07/18/1986,1410,44.67,-69.23,,,,,392
10046015,WALDO CO.,,07/18/1986,1435,Hail,1.5,,0,0,0,0,ME,CST,,,C,27,PWM,0,0,,,0,0,0,,0,,,07/18/1986,1435,44.38,-69.3,,,,,393
10046016,KNOX CO.,,07/18/1986,1445,Hail,0.75,,0,0,0,0,ME,CST,,,C,13,PWM,0,0,,,0,0,0,,0,,,07/18/1986,1445,44.28,-69.25,,,,,394
10046017,LINCOLN CO.,,07/18/1986,1603,Thunderstorm Wind,52,,0,0,0,0,ME,CST,,,C,15,PWM,0,0,,,0,0,0,,0,,,07/18/1986,1603,44.2,-69.45,,,,,395
10046018,YORK CO.,,07/18/1986,1730,Hail,1,,0,0,0,0,ME,CST,,,C,31,PWM,0,0,,,0,0,0,,0,,,07/18/1986,1730,43.63,-70.52,,,,,396
10046019,CUMBERLAND CO.,,07/18/1986,1730,Thunderstorm Wind,52,,0,0,0,0,ME,CST,,,C,5,PWM,0,0,,,0,0,0,,0,,,07/18/1986,1730,43.68,-70.43,,,,,397
10046020,YORK CO.,,08/07/1986,1515,Tornado,0,F1,0,0,2500000,0,ME,EDT,,,C,31,,0,0,,,2,200,0,,0,,,08/07/1986,1515,43.73,-70.98,43.73,-70.93,,,398
10046021,YORK CO.,,08/07/1986,1520,Tornado,0,F1,0,0,250000,0,ME,EDT,,,C,31,,0,0,,,1.5,200,0,,0,,,08/07/1986,1520,43.53,-70.85,,,,,399
10046022,OXFORD CO.,,08/08/1986,1420,Thunderstorm Wind,0,,0,0,0,0,ME,CST,,,C,17,PWM,0,0,,,0,0,0,,0,,,08/08/1986,1420,44.32,-70.57,,,,,400
10046023,OXFORD CO.,,08/08/1986,1425,Thunderstorm Wind,0,,0,0,0,0,ME,CST,,,C,17,PWM,0,0,,,0,0,0,,0,,,08/08/1986,1425,44.18,-70.72,,,,,401
10046024,KENNEBEC CO.,,08/08/1986,1445,Thunderstorm Wind,52,,0,0,0,0,ME,CST,,,C,11,PWM,0,0,,,0,0,0,,0,,,08/08/1986,1445,44.38,-69.97,,,,,402
10046025,CUMBERLAND CO.,,08/08/1986,1525,Thunderstorm Wind,0,,0,0,0,0,ME,CST,,,C,5,PWM,0,0,,,0,0,0,,0,,,08/08/1986,1525,44.12,-70.68,,,,,403
10046026,YORK CO.,,08/08/1986,1540,Thunderstorm Wind,0,,0,0,0,0,ME,CST,,,C,31,PWM,0,0,,,0,0,0,,0,,,08/08/1986,1540,43.6,-70.6,,,,,404
10046027,CUMBERLAND CO.,,08/09/1986,1230,Hail,1,,0,0,0,0,ME,CST,,,C,5,PWM,0,0,,,0,0,0,,0,,,08/09/1986,1230,43.58,-70.32,,,,,405
10046028,YORK CO.,,08/09/1986,1315,Thunderstorm Wind,0,,0,0,0,0,ME,CST,,,C,31,PWM,0,0,,,0,0,0,,0,,,08/09/1986,1315,43.5,-70.45,,,,,406
10046029,YORK CO.,,08/09/1986,1335,Thunderstorm Wind,0,,0,0,0,0,ME,CST,,,C,31,PWM,0,0,,,0,0,0,,0,,,08/09/1986,1335,43.52,-70.38,,,,,407
10046030,SOMERSET CO.,,08/09/1986,1440,Thunderstorm Wind,52,,0,0,0,0,ME,CST,,,C,25,PWM,0,0,,,0,0,0,,0,,,08/09/1986,1440,45.05,-69.9,,,,,408
10046031,YORK CO.,,05/31/1987,1330,Thunderstorm Wind,0,,0,0,0,0,ME,CST,,,C,31,PWM,0,0,,,0,0,0,,0,,,05/31/1987,1330,43.15,-70.8,,,,,409
10046032,CUMBERLAND CO.,,05/31/1987,1445,Thunderstorm Wind,0,,0,0,0,0,ME,CST,,,C,5,PWM,0,0,,,0,0,0,,0,,,05/31/1987,1445,43.98,-70.4,,,,,410
10046034,YORK CO.,,05/31/1987,1445,Thunderstorm Wind,52,,0,0,0,0,ME,CST,,,C,31,PWM,0,0,,,0,0,0,,0,,,05/31/1987,1445,43.73,-70.72,,,,,411
10046033,CUMBERLAND CO.,,05/31/1987,1445,Thunderstorm Wind,0,,0,0,0,0,ME,CST,,,C,5,PWM,0,0,,,0,0,0,,0,,,05/31/1987,1445,43.88,-70.33,,,,,412
10046035,CUMBERLAND CO.,,05/31/1987,1500,Thunderstorm Wind,0,,0,0,0,0,ME,CST,,,C,5,PWM,0,0,,,0,0,0,,0,,,05/31/1987,1500,43.73,-70.55,,,,,413
10046037,YORK CO.,,05/31/1987,1500,Thunderstorm Wind,52,,0,0,0,0,ME,CST,,,C,31,PWM,0,0,,,0,0,0,,0,,,05/31/1987,1500,43.63,-70.52,,,,,414
10046036,CUMBERLAND CO.,,05/31/1987,1500,Thunderstorm Wind,0,,0,0,0,0,ME,CST,,,C,5,PWM,0,0,,,0,0,0,,0,,,05/31/1987,1500,43.78,-70.4,,,,,415
10046038,CUMBERLAND CO.,,05/31/1987,1515,Thunderstorm Wind,0,,0,0,0,0,ME,CST,,,C,5,PWM,0,0,,,0,0,0,,0,,,05/31/1987,1515,43.68,-70.43,,,,,416
10046039,OXFORD CO.,,06/13/1987,1200,Hail,1.5,,0,0,0,0,ME,CST,,,C,17,PWM,0,0,,,0,0,0,,0,,,06/13/1987,1200,43.88,-70.8,,,,,417
10046040,CUMBERLAND CO.,,06/13/1987,1215,Hail,1,,0,0,0,0,ME,CST,,,C,5,PWM,0,0,,,0,0,0,,0,,,06/13/1987,1215,43.93,-70.63,,,,,418
10046041,OXFORD CO.,,06/13/1987,1345,Hail,1,,0,0,0,0,ME,CST,,,C,17,PWM,0,0,,,0,0,0,,0,,,06/13/1987,1345,43.8,-70.93,,,,,419
10046042,YORK CO.,,06/13/1987,1700,Hail,0.75,,0,0,0,0,ME,CST,,,C,31,PWM,0,0,,,0,0,0,,0,,,06/13/1987,1700,43.3,-70.75,,,,,420
10046043,YORK CO.,,06/13/1987,1715,Hail,0.75,,0,0,0,0,ME,CST,,,C,31,PWM,0,0,,,0,0,0,,0,,,06/13/1987,1715,43.52,-70.55,,,,,421
10046044,YORK CO.,,06/13/1987,1715,Hail,0.75,,0,0,0,0,ME,CST,,,C,31,PWM,0,0,,,0,0,0,,0,,,06/13/1987,1715,43.32,-70.58,,,,,422
10046045,SOMERSET CO.,,07/10/1987,1600,Thunderstorm Wind,0,,0,0,0,0,ME,CST,,,C,25,PWM,0,0,,,0,0,0,,0,,,07/10/1987,1600,44.95,-69.85,,,,,423
10046046,CUMBERLAND CO.,,07/18/1987,1800,Thunderstorm Wind,0,,0,0,0,0,ME,CST,,,C,5,PWM,0,0,,,0,0,0,,0,,,07/18/1987,1800,44.05,-70.7,,,,,424
10046047,OXFORD CO.,,07/26/1987,400,Hail,1.5,,0,0,0,0,ME,CST,,,C,17,PWM,0,0,,,0,0,0,,0,,,07/26/1987,400,43.88,-70.8,,,,,425
10046048,ANDROSCOGGIN CO.,,07/26/1987,430,Thunderstorm Wind,61,,0,0,0,0,ME,CST,,,C,1,PWM,0,0,,,0,0,0,,0,,,07/26/1987,430,44.1,-70.23,,,,,426
10046049,SOMERSET CO.,,07/26/1987,1230,Hail,1.5,,0,0,0,0,ME,CST,,,C,25,PWM,0,0,,,0,0,0,,0,,,07/26/1987,1230,45.23,-70.13,,,,,427
10046050,LINCOLN CO.,,07/26/1987,1400,Thunderstorm Wind,0,,0,0,0,0,ME,CST,,,C,15,PWM,0,0,,,0,0,0,,0,,,07/26/1987,1400,44.2,-69.45,,,,,428
10046051,KNOX CO.,,07/26/1987,1400,Thunderstorm Wind,60,,0,0,0,0,ME,CST,,,C,13,PWM,0,0,,,0,0,0,,0,,,07/26/1987,1400,44.07,-69.1,,,,,429
10046052,SOMERSET CO.,,07/30/1987,1730,Hail,1.5,,0,0,0,0,ME,CST,,,C,25,PWM,0,0,,,0,0,0,,0,,,07/30/1987,1730,44.88,-69.43,,,,,430
10046053,ANDROSCOGGIN CO.,,07/30/1987,1815,Hail,1.5,,0,0,0,0,ME,CST,,,C,1,PWM,0,0,,,0,0,0,,0,,,07/30/1987,1815,44.1,-70.2,,,,,431
10046054,PENOBSCOT CO.,,07/30/1987,1815,Hail,0.75,,0,0,0,0,ME,CST,,,C,19,PWM,0,0,,,0,0,0,,0,,,07/30/1987,1815,44.73,-68.82,,,,,432
10046055,CUMBERLAND CO.,,08/08/1987,1220,Hail,1,,0,0,0,0,ME,CST,,,C,5,PWM,0,0,,,0,0,0,,0,,,08/08/1987,1220,43.88,-70.33,,,,,433
10046056,YORK CO.,,08/19/1987,1742,Thunderstorm Wind,0,,0,0,0,0,ME,CST,,,C,31,PWM,0,0,,,0,0,0,,0,,,08/19/1987,1742,43.27,-70.87,,,,,434
10046057,YORK CO.,,08/19/1987,1742,Thunderstorm Wind,0,,0,0,0,0,ME,CST,,,C,31,PWM,0,0,,,0,0,0,,0,,,08/19/1987,1742,43.73,-70.93,,,,,435
10046058,YORK CO.,,08/19/1987,1743,Thunderstorm Wind,0,,0,0,0,0,ME,CST,,,C,31,PWM,0,0,,,0,0,0,,0,,,08/19/1987,1743,43.08,-70.75,,,,,436
10046059,CUMBERLAND CO.,,08/19/1987,1745,Thunderstorm Wind,0,,0,0,0,0,ME,CST,,,C,5,PWM,0,0,,,0,0,0,,0,,,08/19/1987,1745,44.12,-70.68,,,,,437
10046060,YORK CO.,,08/19/1987,1755,Thunderstorm Wind,0,,0,0,0,0,ME,CST,,,C,31,PWM,0,0,,,0,0,0,,0,,,08/19/1987,1755,43.53,-70.72,,,,,438
10046061,YORK CO.,,08/19/1987,1800,Thunderstorm Wind,0,,0,0,0,0,ME,CST,,,C,31,PWM,0,0,,,0,0,0,,0,,,08/19/1987,1800,43.63,-70.52,,,,,439
10046062,CUMBERLAND CO.,,08/19/1987,1800,Thunderstorm Wind,0,,0,0,0,0,ME,CST,,,C,5,PWM,0,0,,,0,0,0,,0,,,08/19/1987,1800,43.98,-70.4,,,,,440
10046063,CUMBERLAND CO.,,08/19/1987,1805,Thunderstorm Wind,0,,0,0,0,0,ME,CST,,,C,5,PWM,0,0,,,0,0,0,,0,,,08/19/1987,1805,43.68,-70.43,,,,,441
10046064,CUMBERLAND CO.,,08/19/1987,1810,Thunderstorm Wind,0,,0,0,0,0,ME,CST,,,C,5,PWM,0,0,,,0,0,0,,0,,,08/19/1987,1810,43.87,-70.32,,,,,442
10046065,YORK CO.,,08/19/1987,1815,Thunderstorm Wind,0,,0,0,0,0,ME,CST,,,C,31,PWM,0,0,,,0,0,0,,0,,,08/19/1987,1815,43.52,-70.38,,,,,443
10046066,CUMBERLAND CO.,,08/19/1987,1823,Thunderstorm Wind,0,,0,0,0,0,ME,CST,,,C,5,PWM,0,0,,,0,0,0,,0,,,08/19/1987,1823,43.58,-70.32,,,,,444
10046067,CUMBERLAND CO.,,08/19/1987,1828,Thunderstorm Wind,0,,0,0,0,0,ME,CST,,,C,5,PWM,0,0,,,0,0,0,,0,,,08/19/1987,1828,43.8,-69.98,,,,,445
10046070,ANDROSCOGGIN CO.,,06/05/1988,1630,Hail,1,,0,0,0,0,ME,CST,,,C,1,PWM,0,0,,,0,0,0,,0,,,06/05/1988,1630,44.25,-70.25,,,,,446
10046069,OXFORD CO.,,06/05/1988,1630,Hail,1,,0,0,0,0,ME,CST,,,C,17,PWM,0,0,,,0,0,0,,0,,,06/05/1988,1630,44.28,-70.37,,,,,447
10046068,OXFORD CO.,,06/05/1988,1630,Hail,0.75,,0,0,0,0,ME,CST,,,C,17,PWM,0,0,,,0,0,0,,0,,,06/05/1988,1630,44.48,-70.78,,,,,448
10046071,ANDROSCOGGIN CO.,,06/05/1988,1650,Hail,1,,0,0,0,0,ME,CST,,,C,1,PWM,0,0,,,0,0,0,,0,,,06/05/1988,1650,44.3,-70.12,,,,,449
10046072,OXFORD CO.,,06/05/1988,1655,Hail,0.75,,0,0,0,0,ME,CST,,,C,17,PWM,0,0,,,0,0,0,,0,,,06/05/1988,1655,44.4,-70.43,,,,,450
10046073,CUMBERLAND CO.,,06/05/1988,1710,Hail,0.75,,0,0,0,0,ME,CST,,,C,5,PWM,0,0,,,0,0,0,,0,,,06/05/1988,1710,43.68,-70.43,,,,,451
10046074,OXFORD CO.,,06/05/1988,1715,Hail,0.75,,0,0,0,0,ME,CST,,,C,17,PWM,0,0,,,0,0,0,,0,,,06/05/1988,1715,44.32,-70.57,,,,,452
10046075,PENOBSCOT CO.,,06/16/1988,1430,Thunderstorm Wind,52,,0,0,0,0,ME,CST,,,C,19,PWM,0,0,,,0,0,0,,0,,,06/16/1988,1430,44.8,-68.77,,,,,453
10046076,PISCATAQUIS CO.,,06/20/1988,1955,Thunderstorm Wind,0,,0,0,0,0,ME,CST,,,C,21,PWM,0,0,,,0,0,0,,0,,,06/20/1988,1955,45.18,-69.23,,,,,454
10046077,WASHINGTON CO.,,06/20/1988,2045,Thunderstorm Wind,0,,0,0,0,0,ME,CST,,,C,29,PWM,0,0,,,0,0,0,,0,,,06/20/1988,2045,45.65,-67.87,,,,,455
10046078,PENOBSCOT CO.,,07/09/1988,1510,Thunderstorm Wind,52,,0,0,0,0,ME,CST,,,C,19,PWM,0,0,,,0,0,0,,0,,,07/09/1988,1510,45.65,-68.72,,,,,456
10046079,ANDROSCOGGIN CO.,,07/09/1988,2100,Thunderstorm Wind,0,,0,0,0,0,ME,CST,,,C,1,PWM,0,0,,,0,0,0,,0,,,07/09/1988,2100,44.1,-70.2,,,,,457
10044677,ANDROSCOGGIN CO.,,07/10/1988,1540,Thunderstorm Wind,0,,0,0,0,0,ME,CST,,,C,1,PWM,0,0,,,0,0,0,,0,,,07/10/1988,1540,44.07,-70.38,,,,,458
10044889,CUMBERLAND CO.,,07/10/1988,1540,Thunderstorm Wind,0,,0,0,0,0,ME,CST,,,C,5,PWM,0,0,,,0,0,0,,0,,,07/10/1988,1540,43.97,-70.28,,,,,459
10044890,CUMBERLAND CO.,,07/10/1988,1600,Hail,1,,0,0,0,0,ME,CST,,,C,5,PWM,0,0,,,0,0,0,,0,,,07/10/1988,1600,43.73,-70.55,,,,,460
10044891,YORK CO.,,07/10/1988,1615,Hail,0.75,,0,0,0,0,ME,CST,,,C,31,PWM,0,0,,,0,0,0,,0,,,07/10/1988,1615,43.73,-70.72,,,,,461
10044892,YORK CO.,,07/10/1988,1640,Thunderstorm Wind,0,,0,0,0,0,ME,CST,,,C,31,PWM,0,0,,,0,0,0,,0,,,07/10/1988,1640,43.3,-70.75,,,,,462
10044893,KENNEBEC CO.,,07/11/1988,1325,Hail,0.75,,0,0,0,0,ME,CST,,,C,11,PWM,0,0,,,0,0,0,,0,,,07/11/1988,1325,44.58,-69.85,,,,,463
10044894,SOMERSET CO.,,07/11/1988,1330,Hail,1,,0,0,0,0,ME,CST,,,C,25,PWM,0,0,,,0,0,0,,0,,,07/11/1988,1330,44.63,-69.82,,,,,464
10044896,AROOSTOOK CO.,,07/11/1988,1330,Thunderstorm Wind,0,,0,0,0,0,ME,CST,,,C,3,PWM,0,0,,,0,0,0,,0,,,07/11/1988,1330,45.83,-67.98,,,,,465
10044895,SOMERSET CO.,,07/11/1988,1330,Hail,1,,0,0,0,0,ME,CST,,,C,25,PWM,0,0,,,0,0,0,,0,,,07/11/1988,1330,44.58,-69.6,,,,,466
10044897,KENNEBEC CO.,,07/11/1988,1345,Hail,0.75,,0,0,0,0,ME,CST,,,C,11,PWM,0,0,,,0,0,0,,0,,,07/11/1988,1345,44.55,-69.63,,,,,467
10044898,SOMERSET CO.,,07/11/1988,1350,Thunderstorm Wind,0,,0,0,0,0,ME,CST,,,C,25,PWM,0,0,,,0,0,0,,0,,,07/11/1988,1350,44.68,-69.93,,,,,468
10044899,SOMERSET CO.,,07/11/1988,1350,Thunderstorm Wind,0,,0,0,0,0,ME,CST,,,C,25,PWM,0,0,,,0,0,0,,0,,,07/11/1988,1350,44.77,-69.72,,,,,469
10044900,AROOSTOOK CO.,,07/11/1988,1400,Thunderstorm Wind,0,,0,0,0,0,ME,CST,,,C,3,PWM,0,0,,,0,0,0,,0,,,07/11/1988,1400,45.82,-67.85,,,,,470
10044901,WALDO CO.,,07/11/1988,1410,Thunderstorm Wind,52,,0,0,0,0,ME,CST,,,C,27,PWM,0,0,,,0,0,0,,0,,,07/11/1988,1410,44.62,-69.33,,,,,471
10044902,WALDO CO.,,07/11/1988,1450,Hail,1,,0,0,0,0,ME,CST,,,C,27,PWM,0,0,,,0,0,0,,0,,,07/11/1988,1450,44.6,-68.87,,,,,472
10044903,HANCOCK CO.,,07/11/1988,1455,Thunderstorm Wind,0,,0,0,0,0,ME,CST,,,C,9,PWM,0,0,,,0,0,0,,0,,,07/11/1988,1455,44.57,-68.78,,,,,473
10044904,WASHINGTON CO.,,07/11/1988,1630,Thunderstorm Wind,0,,0,0,0,0,ME,CST,,,C,29,PWM,0,0,,,0,0,0,,0,,,07/11/1988,1630,45.22,-67.58,,,,,474
10044905,ANDROSCOGGIN CO.,,07/14/1988,1520,Tornado,0,F1,0,0,2500000,0,ME,EDT,,,C,1,,0,0,,,0.2,10,0,,0,,,07/14/1988,1520,44.25,-70.25,,,,,475
10044906,YORK CO.,,07/14/1988,1625,Thunderstorm Wind,0,,0,0,0,0,ME,CST,,,C,31,PWM,0,0,,,0,0,0,,0,,,07/14/1988,1625,43.5,-70.72,,,,,476
10044907,LINCOLN CO.,,07/14/1988,1630,Thunderstorm Wind,0,,0,0,0,0,ME,CST,,,C,15,PWM,0,0,,,0,0,0,,0,,,07/14/1988,1630,44.2,-69.45,,,,,477
10044908,SAGADAHOC CO.,,07/14/1988,1635,Thunderstorm Wind,0,,0,0,0,0,ME,CST,,,C,23,PWM,0,0,,,0,0,0,,0,,,07/14/1988,1635,43.92,-69.97,,,,,478
10044910,YORK CO.,,07/14/1988,1640,Thunderstorm Wind,0,,0,0,0,0,ME,CST,,,C,31,PWM,0,0,,,0,0,0,,0,,,07/14/1988,1640,43.38,-70.48,,,,,479
10044909,CUMBERLAND CO.,,07/14/1988,1640,Thunderstorm Wind,0,,0,0,0,0,ME,CST,,,C,5,PWM,0,0,,,0,0,0,,0,,,07/14/1988,1640,43.73,-70.23,,,,,480
10044911,YORK CO.,,07/17/1988,1625,Hail,1,,0,0,0,0,ME,CST,,,C,31,PWM,0,0,,,0,0,0,,0,,,07/17/1988,1625,43.43,-70.78,,,,,481
10044912,YORK CO.,,07/17/1988,1625,Thunderstorm Wind,0,,0,0,0,0,ME,CST,,,C,31,PWM,0,0,,,0,0,0,,0,,,07/17/1988,1625,43.15,-70.8,,,,,482
10044913,WASHINGTON CO.,,08/03/1988,2100,Thunderstorm Wind,0,,0,0,0,0,ME,CST,,,C,29,PWM,0,0,,,0,0,0,,0,,,08/03/1988,2100,45.65,-67.87,,,,,483
10044915,AROOSTOOK CO.,,08/04/1988,1455,Thunderstorm Wind,0,,0,0,0,0,ME,CST,,,C,3,PWM,0,0,,,0,0,0,,0,,,08/04/1988,1455,46.68,-68.02,,,,,484
10044914,AROOSTOOK CO.,,08/04/1988,1455,Thunderstorm Wind,0,,0,0,0,0,ME,CST,,,C,3,PWM,0,0,,,0,0,0,,0,,,08/04/1988,1455,46.87,-68.02,,,,,485
10044916,AROOSTOOK CO.,,08/04/1988,1520,Thunderstorm Wind,0,,0,0,0,0,ME,CST,,,C,3,PWM,0,0,,,0,0,0,,0,,,08/04/1988,1520,46.42,-67.83,,,,,486
10044917,OXFORD CO.,,08/13/1988,1730,Thunderstorm Wind,0,,0,0,0,0,ME,CST,,,C,17,PWM,0,0,,,0,0,0,,0,,,08/13/1988,1730,44.4,-70.43,,,,,487
10044918,KENNEBEC CO.,,03/30/1989,1325,Thunderstorm Wind,0,,0,0,0,0,ME,CST,,,C,11,PWM,0,0,,,0,0,0,,0,,,03/30/1989,1325,44.42,-69.72,,,,,488
10044919,FRANKLIN CO.,,06/18/1989,1220,Tornado,0,F1,0,0,250000,0,ME,EDT,,,C,7,,0,0,,,1.3,123,0,,0,,,06/18/1989,1220,44.73,-70.05,,,,,489
10044920,PENOBSCOT CO.,,06/18/1989,1409,Thunderstorm Wind,0,,0,0,0,0,ME,CST,,,C,19,PWM,0,0,,,0,0,0,,0,,,06/18/1989,1409,44.8,-68.77,,,,,490
10044921,PENOBSCOT CO.,,07/19/1989,1230,Thunderstorm Wind,0,,0,0,0,0,ME,CST,,,C,19,PWM,0,0,,,0,0,0,,0,,,07/19/1989,1230,45.02,-69.3,,,,,491
10044922,SOMERSET CO.,,07/19/1989,1230,Thunderstorm Wind,0,,0,0,0,0,ME,CST,,,C,25,PWM,0,0,,,0,0,0,,0,,,07/19/1989,1230,45.02,-69.48,,,,,492
10044923,WALDO CO.,,07/25/1989,1230,Thunderstorm Wind,0,,0,0,0,0,ME,CST,,,C,27,PWM,0,0,,,0,0,0,,0,,,07/25/1989,1230,44.62,-69.33,,,,,493
10044924,SOMERSET CO.,,07/25/1989,1230,Thunderstorm Wind,0,,0,0,0,0,ME,CST,,,C,25,PWM,0,0,,,0,0,0,,0,,,07/25/1989,1230,45.98,-70.03,,,,,494
10044925,PENOBSCOT CO.,,07/26/1989,1330,Thunderstorm Wind,0,,0,1,0,0,ME,CST,,,C,19,PWM,0,0,,,0,0,0,,0,,,07/26/1989,1330,44.8,-68.77,,,,,495
10044926,ANDROSCOGGIN CO.,,07/26/1989,1400,Thunderstorm Wind,75,,0,0,0,0,ME,CST,,,C,1,PWM,0,0,,,0,0,0,,0,,,07/26/1989,1400,44.12,-70.1,,,,,496
10044927,AROOSTOOK CO.,,07/26/1989,1547,Thunderstorm Wind,0,,0,0,0,0,ME,CST,,,C,3,PWM,0,0,,,0,0,0,,0,,,07/26/1989,1547,46.67,-67.83,,,,,497
10044928,CUMBERLAND CO.,,07/26/1989,1635,Thunderstorm Wind,0,,0,0,0,0,ME,CST,,,C,5,PWM,0,0,,,0,0,0,,0,,,07/26/1989,1635,43.97,-70.28,,,,,498
10044929,AROOSTOOK CO.,,07/27/1989,1230,Thunderstorm Wind,0,,0,0,0,0,ME,CST,,,C,3,PWM,0,0,,,0,0,0,,0,,,07/27/1989,1230,47.27,-68.33,,,,,499
10044930,AROOSTOOK CO.,,07/27/1989,1230,Thunderstorm Wind,0,,0,0,0,0,ME,CST,,,C,3,PWM,0,0,,,0,0,0,,0,,,07/27/1989,1230,47.07,-67.92,,,,,500